ncol,nrow,population,allroads,mainroads,secroads,industries,traffic_points
1.0,1.0,63.0,0.0,0.0,0.0,0.0,0.0
2.0,1.0,95.0,0.0,0.0,0.0,0.0,0.0
3.0,1.0,76.0,0.0,0.0,0.0,0.0,0.0
4.0,1.0,92.0,0.0,0.0,0.0,0.0,0.0
5.0,1.0,709.0,0.0,2.5,0.0,0.5,2.0
6.0,1.0,317.0,0.0,0.0,0.0,0.0,0.0
7.0,1.0,2190.0,0.0,0.0,0.0,0.0,2.0
8.0,1.0,539.0,0.0,0.0,0.0,0.0,0.0
9.0,1.0,399.0,0.0,1.3,0.0,0.0,0.0
10.0,1.0,41.0,0.0,0.0,0.0,0.0,0.0
11.0,1.0,28.0,0.0,0.0,0.0,0.0,0.0
12.0,1.0,24.0,0.0,0.0,0.0,0.0,0.0
13.0,1.0,87.0,0.0,0.0,0.0,0.0,0.0
14.0,1.0,37.0,0.0,0.0,0.0,0.0,0.0
15.0,1.0,5043.0,0.0,1.1,0.0,0.5,11.0
16.0,1.0,390.0,0.0,0.8,0.0,0.0,1.0
17.0,1.0,41.0,0.0,0.0,0.0,0.0,0.0
18.0,1.0,425.0,0.0,0.2,0.0,0.0,0.0
19.0,1.0,141.0,0.0,1.0,0.0,0.0,0.0
20.0,1.0,35.0,0.0,0.0,0.0,0.0,0.0
21.0,1.0,24.0,0.0,0.0,0.0,0.0,0.0
22.0,1.0,24.0,0.0,0.0,0.0,0.0,0.0
23.0,1.0,15.0,0.0,0.0,0.0,0.0,0.0
24.0,1.0,61.0,0.0,0.0,0.0,0.0,0.0
25.0,1.0,83.0,0.0,0.0,0.0,0.0,0.0
26.0,1.0,1192.0,0.0,0.0,0.0,0.0,0.0
27.0,1.0,1161.0,0.0,0.0,0.0,0.0,0.0
28.0,1.0,967.0,0.0,1.1,0.0,0.0,0.0
29.0,1.0,328.0,0.0,0.1,0.0,0.0,0.0
30.0,1.0,227.0,0.0,0.0,0.0,0.0,0.0
31.0,1.0,31.0,0.0,0.0,0.0,0.0,0.0
32.0,1.0,28.0,0.0,0.0,0.0,0.0,1.0
33.0,1.0,486.0,1.5,2.7,0.0,0.5,3.0
34.0,1.0,136.0,0.0,0.0,0.0,0.0,0.0
35.0,1.0,114.0,0.0,0.0,0.0,0.0,0.0
36.0,1.0,83.0,0.0,0.0,0.0,0.0,0.0
37.0,1.0,74.0,0.0,0.0,0.0,0.0,0.0
38.0,1.0,44.0,0.0,0.0,0.0,0.0,0.0
39.0,1.0,102.0,0.0,0.0,0.0,0.0,0.0
40.0,1.0,2815.0,0.0,0.0,0.0,0.0,0.0
41.0,1.0,111.0,0.0,0.0,0.0,0.0,0.0
42.0,1.0,144.0,0.0,0.0,0.0,0.0,0.0
43.0,1.0,2492.0,0.0,0.0,0.0,0.0,0.0
44.0,1.0,550.0,0.0,0.7,0.0,0.0,2.0
45.0,1.0,343.0,1.1,0.8,0.0,0.0,0.0
46.0,1.0,93.0,0.0,0.0,0.0,0.0,0.0
47.0,1.0,142.0,0.0,0.0,0.0,0.0,0.0
48.0,1.0,181.0,0.0,0.0,0.0,0.0,0.0
49.0,1.0,555.0,0.0,1.3,0.0,0.0,0.0
50.0,1.0,111.0,0.0,0.0,0.0,0.0,0.0
1.0,2.0,63.0,0.0,0.0,0.0,0.0,1.0
2.0,2.0,124.0,0.0,0.0,0.0,0.0,0.0
3.0,2.0,184.0,0.0,0.0,0.0,0.0,0.0
4.0,2.0,77.0,0.0,0.0,0.0,0.0,0.0
5.0,2.0,860.0,0.0,1.5,0.0,0.0,0.0
6.0,2.0,5364.0,0.0,1.1,0.0,0.5,7.0
7.0,2.0,562.0,0.0,0.0,0.0,0.0,2.0
8.0,2.0,1476.0,0.0,1.0,0.0,0.0,2.0
9.0,2.0,238.0,0.0,0.3,0.0,0.0,0.0
10.0,2.0,35.0,0.0,0.0,0.0,0.0,0.0
11.0,2.0,24.0,0.0,0.0,0.0,0.0,0.0
12.0,2.0,20.0,0.0,0.0,0.0,0.0,0.0
13.0,2.0,134.0,0.0,0.0,0.0,0.0,0.0
14.0,2.0,127.0,0.0,0.0,0.0,0.0,0.0
15.0,2.0,349.0,0.0,0.0,0.0,0.0,0.0
16.0,2.0,323.0,0.0,1.6,0.0,0.0,0.0
17.0,2.0,144.0,0.0,1.1,0.0,0.0,1.0
18.0,2.0,219.0,0.0,1.1,0.0,0.0,1.0
19.0,2.0,359.0,0.0,1.3,0.0,0.0,0.0
20.0,2.0,141.0,0.0,0.0,0.0,0.0,0.0
21.0,2.0,41.0,0.0,0.0,0.0,0.0,0.0
22.0,2.0,28.0,0.0,0.0,0.0,0.0,0.0
23.0,2.0,15.0,0.0,0.0,0.0,0.0,0.0
24.0,2.0,42.0,0.0,0.0,0.0,0.0,0.0
25.0,2.0,26.0,0.0,0.0,0.0,0.0,0.0
26.0,2.0,83.0,0.0,0.0,0.0,0.0,0.0
27.0,2.0,103.0,0.0,0.0,0.0,0.0,0.0
28.0,2.0,892.0,0.0,0.0,0.0,0.0,0.0
29.0,2.0,345.0,0.0,1.1,0.0,0.0,0.0
30.0,2.0,1643.0,0.0,0.0,0.0,0.0,0.0
31.0,2.0,76.0,0.0,0.0,0.0,0.0,0.0
32.0,2.0,326.0,1.5,2.3,0.0,0.5,2.0
33.0,2.0,604.0,0.0,0.3,0.0,0.0,0.0
34.0,2.0,144.0,0.0,0.0,0.0,0.0,0.0
35.0,2.0,70.0,0.0,0.0,0.0,0.0,0.0
36.0,2.0,82.0,0.0,0.0,0.0,0.0,0.0
37.0,2.0,74.0,0.0,0.0,0.0,0.0,0.0
38.0,2.0,113.0,0.0,0.0,0.0,0.0,0.0
39.0,2.0,27.0,0.0,0.0,0.0,0.0,0.0
40.0,2.0,165.0,0.0,0.0,0.0,0.0,0.0
41.0,2.0,128.0,0.0,0.0,0.0,0.0,0.0
42.0,2.0,36.0,0.0,0.0,0.0,0.0,0.0
43.0,2.0,189.0,0.0,0.0,0.0,0.0,0.0
44.0,2.0,124.0,0.0,0.0,0.0,0.0,1.0
45.0,2.0,360.0,1.8,0.6,0.0,0.5,4.0
46.0,2.0,2966.0,2.4,1.2,0.0,1.0,27.0
47.0,2.0,2569.0,0.0,0.6,0.0,0.0,0.0
48.0,2.0,784.0,0.0,0.5,0.0,0.0,0.0
49.0,2.0,458.0,0.0,0.8,0.0,0.0,1.0
50.0,2.0,229.0,0.0,0.0,0.0,0.0,0.0
1.0,3.0,151.0,0.0,0.0,0.0,0.0,0.0
2.0,3.0,974.0,0.0,0.0,0.0,0.0,0.0
3.0,3.0,444.0,0.0,0.0,0.0,0.0,0.0
4.0,3.0,437.0,0.0,0.0,0.0,0.0,0.0
5.0,3.0,2122.0,0.0,0.0,1.1,0.0,0.0
6.0,3.0,9325.0,0.1,4.4,0.7,1.0,24.0
7.0,3.0,13039.0,1.1,1.1,0.0,2.0,74.0
8.0,3.0,10827.0,0.6,1.8,0.0,0.5,1.0
9.0,3.0,320.0,0.0,0.0,0.0,0.0,0.0
10.0,3.0,147.0,0.0,0.0,0.0,0.0,0.0
11.0,3.0,147.0,0.0,0.0,0.0,0.0,0.0
12.0,3.0,134.0,0.0,0.0,0.0,0.0,0.0
13.0,3.0,237.0,0.0,0.0,0.0,0.0,0.0
14.0,3.0,281.0,0.0,0.0,0.0,0.0,0.0
15.0,3.0,331.0,0.0,0.0,0.0,0.0,0.0
16.0,3.0,568.0,0.0,1.1,0.0,0.0,1.0
17.0,3.0,168.0,0.0,0.0,0.0,0.0,0.0
18.0,3.0,347.0,0.0,0.0,0.0,0.0,0.0
19.0,3.0,3886.0,0.0,1.6,0.0,0.0,1.0
20.0,3.0,455.0,0.0,1.0,0.0,0.0,1.0
21.0,3.0,242.0,0.0,1.3,0.0,0.5,0.0
22.0,3.0,56.0,0.0,0.8,0.0,0.0,0.0
23.0,3.0,119.0,0.0,1.1,0.0,0.5,0.0
24.0,3.0,1112.0,0.4,1.1,0.0,0.0,0.0
25.0,3.0,327.0,1.7,1.1,0.0,0.0,1.0
26.0,3.0,127.0,0.0,0.6,0.0,0.0,0.0
27.0,3.0,162.0,0.0,0.0,0.0,0.0,0.0
28.0,3.0,3311.0,0.0,0.0,0.0,0.0,0.0
29.0,3.0,668.0,0.0,1.1,0.0,0.0,0.0
30.0,3.0,583.0,1.2,0.0,0.0,0.5,0.0
31.0,3.0,825.0,3.6,1.0,0.0,0.5,0.0
32.0,3.0,1034.0,1.2,1.6,0.0,0.5,1.0
33.0,3.0,1978.0,0.3,0.0,0.0,0.0,0.0
34.0,3.0,137.0,0.9,0.0,0.0,0.0,0.0
35.0,3.0,3748.0,1.1,0.0,0.0,0.0,2.0
36.0,3.0,347.0,0.6,0.0,0.0,0.0,0.0
37.0,3.0,396.0,0.8,0.0,0.0,0.0,0.0
38.0,3.0,464.0,1.0,0.0,0.0,0.0,0.0
39.0,3.0,988.0,0.8,0.0,0.0,0.0,2.0
40.0,3.0,2389.0,0.0,0.0,0.0,0.0,0.0
41.0,3.0,184.0,0.0,0.0,0.0,0.0,0.0
42.0,3.0,275.0,0.0,0.0,0.0,0.0,0.0
43.0,3.0,435.0,0.0,0.0,0.0,0.0,0.0
44.0,3.0,246.0,0.0,0.0,0.0,0.0,0.0
45.0,3.0,1903.0,0.5,0.0,0.0,0.5,1.0
46.0,3.0,11203.0,6.0,0.0,0.6,3.0,90.0
47.0,3.0,14159.0,1.3,1.1,0.9,1.0,18.0
48.0,3.0,10842.0,0.2,2.6,0.0,1.0,29.0
49.0,3.0,1503.0,0.0,1.0,0.0,0.0,4.0
50.0,3.0,9808.0,0.0,1.0,0.0,0.0,0.0
1.0,4.0,54.0,0.0,0.0,0.0,0.0,0.0
2.0,4.0,40.0,0.0,0.0,0.0,0.0,0.0
3.0,4.0,267.0,1.0,0.0,0.0,0.0,0.0
4.0,4.0,220.0,1.1,0.4,0.0,0.0,0.0
5.0,4.0,1328.0,0.2,1.3,0.0,0.0,1.0
6.0,4.0,2717.0,0.0,1.6,0.0,0.5,6.0
7.0,4.0,5416.0,2.0,5.8,0.0,3.0,98.0
8.0,4.0,2629.0,6.4,0.2,0.0,0.5,6.0
9.0,4.0,399.0,0.0,1.1,0.0,0.0,0.0
10.0,4.0,6786.0,0.5,1.1,0.0,0.0,0.0
11.0,4.0,162.0,0.0,1.1,0.0,0.0,0.0
12.0,4.0,105.0,0.0,0.0,0.0,0.0,0.0
13.0,4.0,295.0,0.0,0.0,0.0,0.0,0.0
14.0,4.0,161.0,0.0,0.0,0.0,0.0,0.0
15.0,4.0,317.0,0.0,0.0,0.0,0.0,1.0
16.0,4.0,4983.0,0.0,1.1,0.0,0.5,3.0
17.0,4.0,76.0,0.0,0.0,0.0,0.0,0.0
18.0,4.0,87.0,0.0,0.0,0.0,0.0,0.0
19.0,4.0,88.0,0.0,0.0,0.0,0.0,0.0
20.0,4.0,0.0,0.0,0.0,0.0,0.0,0.0
21.0,4.0,73.0,0.0,1.1,0.0,0.0,0.0
22.0,4.0,69.0,0.0,0.7,0.0,0.0,0.0
23.0,4.0,138.0,0.0,0.0,0.0,0.0,0.0
24.0,4.0,24.0,0.0,0.0,0.0,0.0,0.0
25.0,4.0,63.0,0.0,0.0,0.0,0.0,0.0
26.0,4.0,24.0,0.0,0.6,0.0,0.0,0.0
27.0,4.0,14.0,0.4,1.2,0.0,0.0,0.0
28.0,4.0,730.0,0.1,0.3,0.0,0.0,1.0
29.0,4.0,717.0,0.0,1.1,0.0,0.0,1.0
30.0,4.0,286.0,0.0,0.0,0.0,0.0,0.0
31.0,4.0,698.0,0.0,2.5,0.0,0.5,2.0
32.0,4.0,413.0,0.0,0.0,0.0,0.0,0.0
33.0,4.0,474.0,0.9,0.0,0.0,0.0,0.0
34.0,4.0,1247.0,1.6,0.0,0.0,0.0,0.0
35.0,4.0,247.0,0.2,0.0,0.0,0.0,0.0
36.0,4.0,267.0,0.4,0.0,0.0,0.0,0.0
37.0,4.0,77.0,0.4,0.0,0.0,0.0,0.0
38.0,4.0,263.0,0.0,0.0,0.0,0.0,0.0
39.0,4.0,110.0,1.1,0.0,0.0,0.0,0.0
40.0,4.0,58.0,0.1,0.0,0.0,0.0,0.0
41.0,4.0,83.0,0.0,0.0,0.0,0.0,1.0
42.0,4.0,103.0,0.0,0.0,0.0,0.0,0.0
43.0,4.0,357.0,0.0,0.0,0.0,0.0,0.0
44.0,4.0,256.0,0.0,0.0,0.0,0.0,1.0
45.0,4.0,230.0,0.0,0.0,0.0,0.5,0.0
46.0,4.0,238.0,1.0,0.0,0.0,0.5,1.0
47.0,4.0,564.0,0.3,1.3,0.0,0.0,6.0
48.0,4.0,907.0,0.0,0.0,0.0,0.0,0.0
49.0,4.0,280.0,0.0,0.0,0.0,0.0,1.0
50.0,4.0,274.0,0.0,0.0,0.0,0.0,0.0
1.0,5.0,160.0,1.2,0.0,0.0,0.0,0.0
2.0,5.0,201.0,1.3,0.0,0.0,0.0,0.0
3.0,5.0,168.0,0.2,0.3,0.0,0.0,0.0
4.0,5.0,164.0,0.0,1.3,0.0,0.0,0.0
5.0,5.0,76.0,0.0,0.0,0.0,0.0,0.0
6.0,5.0,656.0,0.0,0.0,0.0,0.0,0.0
7.0,5.0,484.0,0.0,1.8,0.0,1.0,20.0
8.0,5.0,1765.0,1.5,2.3,0.0,0.5,1.0
9.0,5.0,14726.0,1.2,0.0,0.0,0.5,1.0
10.0,5.0,619.0,1.6,0.0,0.0,0.0,0.0
11.0,5.0,74.0,0.0,0.0,0.0,0.0,0.0
12.0,5.0,104.0,0.0,1.1,0.0,0.0,0.0
13.0,5.0,169.0,0.0,1.1,0.0,0.0,0.0
14.0,5.0,1155.0,0.0,1.1,0.0,0.0,4.0
15.0,5.0,399.0,0.0,1.1,0.0,0.0,2.0
16.0,5.0,431.0,0.0,1.4,0.0,0.0,3.0
17.0,5.0,37.0,0.0,0.0,0.0,0.0,0.0
18.0,5.0,87.0,0.0,0.0,0.0,0.0,0.0
19.0,5.0,22.0,0.0,0.0,0.0,0.0,0.0
20.0,5.0,46.0,0.0,0.0,0.0,0.0,0.0
21.0,5.0,7209.0,0.5,1.3,0.0,0.0,1.0
22.0,5.0,105.0,1.2,0.0,0.0,0.0,0.0
23.0,5.0,851.0,1.4,0.0,0.0,0.0,0.0
24.0,5.0,61.0,1.1,0.0,0.0,0.0,1.0
25.0,5.0,904.0,1.6,0.0,0.0,0.0,0.0
26.0,5.0,63.0,1.1,0.0,0.0,0.0,1.0
27.0,5.0,95.0,0.8,0.0,0.0,0.0,0.0
28.0,5.0,528.0,0.0,1.2,0.0,0.0,0.0
29.0,5.0,1794.0,0.7,1.8,0.0,0.5,0.0
30.0,5.0,2356.0,3.1,1.1,0.0,0.5,8.0
31.0,5.0,597.0,0.1,1.3,0.0,0.0,1.0
32.0,5.0,330.0,0.0,0.0,0.0,0.0,0.0
33.0,5.0,640.0,0.0,0.0,0.0,0.0,0.0
34.0,5.0,309.0,0.0,0.0,0.0,0.0,0.0
35.0,5.0,286.0,2.1,0.0,0.0,0.5,1.0
36.0,5.0,309.0,0.9,0.0,0.0,0.0,0.0
37.0,5.0,335.0,0.0,0.0,0.0,0.0,0.0
38.0,5.0,312.0,0.0,0.0,0.0,0.0,0.0
39.0,5.0,124.0,0.0,0.0,0.0,0.0,0.0
40.0,5.0,103.0,1.2,0.0,0.0,0.0,0.0
41.0,5.0,36.0,0.0,0.0,0.0,0.0,0.0
42.0,5.0,110.0,0.0,0.0,0.0,0.0,0.0
43.0,5.0,4526.0,0.0,0.0,0.0,0.5,2.0
44.0,5.0,413.0,0.0,0.0,0.0,0.0,0.0
45.0,5.0,371.0,0.0,0.0,0.0,0.0,0.0
46.0,5.0,4820.0,0.0,0.4,0.0,0.0,0.0
47.0,5.0,1105.0,0.1,1.0,0.0,0.5,2.0
48.0,5.0,5117.0,0.7,0.0,0.0,0.0,0.0
49.0,5.0,110.0,0.0,0.0,0.0,0.0,0.0
50.0,5.0,310.0,0.0,0.0,0.0,0.0,0.0
1.0,6.0,26.0,0.0,0.0,0.0,0.0,0.0
2.0,6.0,28.0,0.0,0.0,0.0,0.0,0.0
3.0,6.0,287.0,0.0,1.2,0.0,0.0,0.0
4.0,6.0,40.0,0.0,0.0,0.0,0.0,0.0
5.0,6.0,84.0,0.0,0.0,0.0,0.0,0.0
6.0,6.0,190.0,0.0,0.0,0.0,0.0,0.0
7.0,6.0,3414.0,0.0,1.2,0.0,0.0,0.0
8.0,6.0,3507.0,0.0,1.3,0.0,0.0,1.0
9.0,6.0,481.0,1.2,1.4,0.0,0.5,4.0
10.0,6.0,402.0,0.0,0.0,0.0,0.0,0.0
11.0,6.0,77.0,0.0,0.0,0.0,0.0,0.0
12.0,6.0,41.0,0.0,0.0,0.0,0.0,0.0
13.0,6.0,126.0,0.0,0.0,0.0,0.0,0.0
14.0,6.0,62.0,0.0,0.0,0.0,0.0,0.0
15.0,6.0,286.0,0.0,0.0,0.0,0.0,0.0
16.0,6.0,478.0,0.0,1.1,0.0,0.0,0.0
17.0,6.0,63.0,0.0,0.0,0.0,0.0,0.0
18.0,6.0,60.0,0.0,0.0,0.0,0.0,0.0
19.0,6.0,29.0,0.0,0.0,0.0,0.0,0.0
20.0,6.0,1293.0,0.0,0.0,0.0,0.0,0.0
21.0,6.0,359.0,0.0,1.2,0.0,0.0,0.0
22.0,6.0,141.0,0.0,0.0,0.0,0.0,0.0
23.0,6.0,128.0,1.1,0.0,0.0,0.0,0.0
24.0,6.0,54.0,0.0,0.0,0.0,0.0,0.0
25.0,6.0,65.0,1.3,0.0,0.0,0.0,0.0
26.0,6.0,63.0,0.0,0.0,0.0,0.0,0.0
27.0,6.0,79.0,0.0,0.0,0.0,0.0,0.0
28.0,6.0,321.0,0.0,0.0,0.0,0.0,0.0
29.0,6.0,4036.0,4.5,0.5,0.0,0.5,6.0
30.0,6.0,1526.0,6.0,3.7,0.0,2.0,78.0
31.0,6.0,348.0,0.0,0.2,0.0,0.0,1.0
32.0,6.0,330.0,0.0,0.0,0.0,0.0,0.0
33.0,6.0,4035.0,0.0,0.0,0.0,0.0,0.0
34.0,6.0,498.0,1.2,0.0,0.0,0.0,0.0
35.0,6.0,494.0,0.5,0.0,0.0,0.0,0.0
36.0,6.0,330.0,1.5,0.0,0.0,0.0,0.0
37.0,6.0,365.0,0.0,0.0,0.0,0.0,0.0
38.0,6.0,145.0,0.0,0.0,0.0,0.0,0.0
39.0,6.0,247.0,0.0,0.0,0.0,0.0,0.0
40.0,6.0,128.0,1.6,0.0,0.0,0.0,0.0
41.0,6.0,165.0,0.2,0.0,0.0,0.0,0.0
42.0,6.0,144.0,0.0,0.0,0.0,0.0,0.0
43.0,6.0,614.0,0.0,0.0,0.0,0.0,0.0
44.0,6.0,762.0,0.0,0.0,0.0,0.0,0.0
45.0,6.0,988.0,0.0,0.0,0.0,0.0,0.0
46.0,6.0,1008.0,0.0,1.4,0.0,0.5,9.0
47.0,6.0,512.0,0.0,0.0,0.0,0.0,1.0
48.0,6.0,627.0,0.0,0.0,0.0,0.0,0.0
49.0,6.0,288.0,0.0,0.0,0.0,0.0,0.0
50.0,6.0,309.0,0.0,0.0,0.0,0.0,0.0
1.0,7.0,24.0,0.0,0.0,0.0,0.0,0.0
2.0,7.0,24.0,0.0,0.4,0.0,0.0,0.0
3.0,7.0,144.0,0.0,0.9,0.0,0.0,0.0
4.0,7.0,41.0,0.0,0.0,0.0,0.0,0.0
5.0,7.0,84.0,0.0,0.0,0.0,0.0,0.0
6.0,7.0,705.0,0.0,0.0,0.0,0.0,1.0
7.0,7.0,287.0,0.0,1.2,0.0,0.0,0.0
8.0,7.0,206.0,0.0,0.0,0.0,0.0,0.0
9.0,7.0,698.0,0.0,2.0,0.0,0.5,0.0
10.0,7.0,273.0,0.0,0.9,0.0,0.5,1.0
11.0,7.0,63.0,0.0,0.0,0.0,0.0,0.0
12.0,7.0,41.0,0.0,0.0,0.0,0.0,0.0
13.0,7.0,153.0,0.0,0.0,0.0,0.0,0.0
14.0,7.0,36.0,0.0,0.0,0.0,0.0,0.0
15.0,7.0,222.0,0.0,0.0,0.0,0.0,0.0
16.0,7.0,431.0,0.0,1.1,0.0,0.0,1.0
17.0,7.0,317.0,0.0,0.2,0.0,0.0,0.0
18.0,7.0,53.0,0.0,0.0,0.0,0.0,0.0
19.0,7.0,36.0,0.0,0.0,0.0,0.0,0.0
20.0,7.0,31.0,0.0,0.0,0.0,0.0,0.0
21.0,7.0,356.0,0.0,1.2,0.0,0.0,0.0
22.0,7.0,127.0,0.1,0.0,0.0,0.0,0.0
23.0,7.0,136.0,1.1,0.0,0.0,0.0,0.0
24.0,7.0,57.0,0.0,0.0,0.0,0.0,0.0
25.0,7.0,57.0,1.0,0.0,0.0,0.0,0.0
26.0,7.0,57.0,0.3,0.0,0.0,0.0,0.0
27.0,7.0,63.0,0.0,0.0,0.0,0.0,0.0
28.0,7.0,203.0,1.2,0.0,0.0,0.0,0.0
29.0,7.0,350.0,0.4,0.0,0.0,0.0,0.0
30.0,7.0,698.0,2.8,2.3,0.0,0.5,1.0
31.0,7.0,841.0,0.0,1.0,0.0,0.0,0.0
32.0,7.0,1036.0,0.0,1.2,0.0,0.0,0.0
33.0,7.0,1051.0,0.0,0.6,0.0,0.0,3.0
34.0,7.0,906.0,0.9,1.1,0.0,0.0,0.0
35.0,7.0,741.0,0.0,0.0,0.0,0.0,0.0
36.0,7.0,732.0,1.1,0.0,0.0,0.0,0.0
37.0,7.0,536.0,0.6,0.0,0.0,0.0,3.0
38.0,7.0,320.0,0.0,0.0,0.0,1.0,0.0
39.0,7.0,247.0,0.0,0.0,0.0,1.0,0.0
40.0,7.0,229.0,0.0,0.0,0.0,0.0,0.0
41.0,7.0,3864.0,1.4,0.0,0.0,0.5,1.0
42.0,7.0,122.0,0.8,0.0,0.0,0.0,0.0
43.0,7.0,292.0,0.0,0.0,0.0,0.0,0.0
44.0,7.0,227.0,0.0,0.0,0.0,0.0,0.0
45.0,7.0,792.0,0.0,1.5,0.0,0.0,1.0
46.0,7.0,700.0,0.0,0.0,0.0,0.0,0.0
47.0,7.0,545.0,0.0,0.0,0.0,0.0,1.0
48.0,7.0,1499.0,0.0,0.0,0.0,0.0,0.0
49.0,7.0,288.0,0.0,0.0,0.0,0.0,0.0
50.0,7.0,2083.0,0.0,0.0,0.0,0.0,5.0
1.0,8.0,62.0,0.0,0.9,0.0,0.0,2.0
2.0,8.0,101.0,0.0,1.1,0.0,0.0,0.0
3.0,8.0,1172.0,0.0,0.0,0.0,0.0,0.0
4.0,8.0,202.0,0.0,0.0,0.0,0.0,0.0
5.0,8.0,151.0,0.0,0.0,0.0,0.0,1.0
6.0,8.0,13061.0,0.0,1.0,0.0,0.5,2.0
7.0,8.0,564.0,0.0,0.1,0.0,0.0,1.0
8.0,8.0,288.0,0.0,0.0,0.0,0.0,0.0
9.0,8.0,729.0,0.0,0.0,0.0,0.0,0.0
10.0,8.0,1135.0,0.3,2.3,0.0,0.5,4.0
11.0,8.0,984.0,0.0,0.7,0.0,0.5,0.0
12.0,8.0,924.0,0.0,0.0,0.0,0.5,1.0
13.0,8.0,1660.0,0.0,0.0,0.0,0.5,0.0
14.0,8.0,48.0,0.0,0.0,0.0,0.0,0.0
15.0,8.0,74.0,0.0,0.0,0.0,0.0,0.0
16.0,8.0,515.0,0.4,0.0,0.0,0.0,0.0
17.0,8.0,5198.0,0.8,1.2,0.0,0.5,4.0
18.0,8.0,903.0,0.0,0.4,0.0,0.0,0.0
19.0,8.0,189.0,0.0,0.0,0.0,0.0,0.0
20.0,8.0,0.0,0.0,0.0,0.0,0.0,0.0
21.0,8.0,700.0,0.1,1.3,0.0,0.0,0.0
22.0,8.0,499.0,2.1,0.0,0.0,0.0,0.0
23.0,8.0,3370.0,1.6,0.0,0.0,0.0,1.0
24.0,8.0,392.0,1.3,0.0,0.0,0.0,0.0
25.0,8.0,6344.0,0.2,0.1,0.0,0.0,0.0
26.0,8.0,1344.0,1.2,0.0,0.0,0.0,0.0
27.0,8.0,1981.0,0.9,0.6,0.0,0.0,0.0
28.0,8.0,494.0,0.5,0.0,0.0,0.0,0.0
29.0,8.0,409.0,0.0,0.0,0.0,0.0,0.0
30.0,8.0,1616.0,2.2,2.2,0.0,0.5,1.0
31.0,8.0,539.0,0.0,0.0,0.0,0.0,0.0
32.0,8.0,1223.0,0.0,0.0,0.0,0.0,1.0
33.0,8.0,31799.0,0.0,0.5,0.0,0.5,1.0
34.0,8.0,2036.0,0.0,0.0,0.0,0.0,0.0
35.0,8.0,2842.0,0.0,1.0,0.0,1.0,0.0
36.0,8.0,3134.0,1.0,1.2,0.0,1.0,1.0
37.0,8.0,9896.0,0.7,0.5,0.0,0.0,2.0
38.0,8.0,1278.0,0.0,0.0,0.0,1.0,0.0
39.0,8.0,385.0,0.0,0.0,0.0,1.0,0.0
40.0,8.0,372.0,0.0,0.0,0.0,1.0,0.0
41.0,8.0,75.0,0.0,0.0,0.0,1.0,0.0
42.0,8.0,201.0,0.5,0.0,0.0,0.0,0.0
43.0,8.0,936.0,0.9,1.0,0.0,0.0,1.0
44.0,8.0,603.0,0.0,1.1,0.0,0.0,1.0
45.0,8.0,408.0,0.0,0.0,0.0,0.0,0.0
46.0,8.0,133.0,0.0,0.0,0.0,0.0,1.0
47.0,8.0,163.0,0.0,0.0,0.0,0.0,2.0
48.0,8.0,955.0,0.0,0.0,0.0,0.0,0.0
49.0,8.0,683.0,0.0,0.0,1.0,0.0,1.0
50.0,8.0,3129.0,0.0,1.3,0.0,0.5,2.0
1.0,9.0,24.0,0.0,0.4,0.0,0.0,0.0
2.0,9.0,24.0,0.0,0.0,0.0,0.0,0.0
3.0,9.0,127.0,0.0,0.0,0.0,0.0,0.0
4.0,9.0,53.0,0.0,0.0,0.0,0.0,0.0
5.0,9.0,143.0,0.0,0.0,0.0,0.0,0.0
6.0,9.0,682.0,0.0,1.1,0.0,0.0,0.0
7.0,9.0,317.0,0.0,0.0,0.0,0.0,0.0
8.0,9.0,100.0,0.0,0.0,0.0,0.0,0.0
9.0,9.0,143.0,0.0,0.0,0.0,0.0,0.0
10.0,9.0,235.0,0.0,0.0,0.0,0.0,0.0
11.0,9.0,489.0,0.1,2.5,0.0,0.5,2.0
12.0,9.0,379.0,0.0,0.4,0.0,0.5,2.0
13.0,9.0,484.0,0.0,0.0,0.0,0.0,0.0
14.0,9.0,70.0,0.0,0.0,0.0,0.0,0.0
15.0,9.0,24.0,0.0,0.0,0.0,0.0,0.0
16.0,9.0,79.0,1.2,0.0,0.0,0.0,0.0
17.0,9.0,141.0,0.0,0.0,0.0,0.0,0.0
18.0,9.0,541.0,0.0,1.2,0.0,0.0,0.0
19.0,9.0,329.0,0.0,0.3,0.0,0.0,1.0
20.0,9.0,291.0,0.0,0.0,0.0,0.0,0.0
21.0,9.0,51.0,0.0,0.0,0.0,0.0,0.0
22.0,9.0,413.0,0.0,1.4,0.0,0.0,0.0
23.0,9.0,388.0,0.0,0.0,0.0,0.0,0.0
24.0,9.0,100.0,0.0,0.0,0.0,0.0,0.0
25.0,9.0,286.0,0.2,1.7,0.0,0.5,4.0
26.0,9.0,924.0,0.0,1.0,0.0,0.0,0.0
27.0,9.0,85.0,0.7,0.5,0.0,0.0,2.0
28.0,9.0,240.0,0.0,1.1,0.0,0.0,0.0
29.0,9.0,289.0,0.9,1.1,0.0,0.5,1.0
30.0,9.0,10287.0,2.6,4.5,0.0,0.5,7.0
31.0,9.0,5422.0,0.0,0.0,0.0,0.0,0.0
32.0,9.0,330.0,0.0,0.0,0.0,0.0,0.0
33.0,9.0,618.0,0.0,0.0,0.0,0.0,0.0
34.0,9.0,77.0,0.0,0.0,0.0,0.0,0.0
35.0,9.0,330.0,0.0,0.0,0.0,1.0,0.0
36.0,9.0,453.0,0.0,0.0,0.0,1.0,0.0
37.0,9.0,1078.0,0.0,1.2,0.0,1.0,0.0
38.0,9.0,4857.0,0.2,0.2,0.0,1.0,0.0
39.0,9.0,3077.0,0.0,0.0,0.0,1.0,0.0
40.0,9.0,79.0,0.0,0.0,0.0,1.0,0.0
41.0,9.0,79.0,0.0,0.0,0.0,1.0,0.0
42.0,9.0,164.0,0.0,0.0,0.0,0.0,0.0
43.0,9.0,817.0,0.0,1.2,0.0,0.0,2.0
44.0,9.0,44.0,0.0,0.0,0.0,0.0,0.0
45.0,9.0,103.0,0.0,0.0,0.0,0.0,0.0
46.0,9.0,28.0,0.0,0.0,0.0,0.0,0.0
47.0,9.0,26.0,0.0,0.0,0.0,0.0,0.0
48.0,9.0,206.0,0.0,0.0,0.0,0.0,0.0
49.0,9.0,110.0,0.0,1.1,0.0,0.0,0.0
50.0,9.0,284.0,0.0,1.9,0.0,0.5,1.0
1.0,10.0,1021.0,0.0,0.0,0.0,0.0,0.0
2.0,10.0,70.0,0.0,0.0,0.0,0.0,0.0
3.0,10.0,134.0,0.0,0.0,0.0,0.0,0.0
4.0,10.0,24.0,0.0,0.0,0.0,0.0,0.0
5.0,10.0,44.0,0.0,0.0,0.0,0.0,0.0
6.0,10.0,428.0,0.0,0.9,0.0,0.0,0.0
7.0,10.0,2165.0,0.0,0.3,0.0,0.0,2.0
8.0,10.0,400.0,0.0,0.0,0.0,0.0,0.0
9.0,10.0,919.0,0.0,0.0,0.0,0.0,0.0
10.0,10.0,3599.0,0.0,0.0,0.0,0.0,1.0
11.0,10.0,317.0,0.0,0.0,0.0,0.0,0.0
12.0,10.0,689.0,0.2,2.7,0.0,0.5,1.0
13.0,10.0,1794.0,0.0,0.2,0.0,0.5,2.0
14.0,10.0,161.0,0.0,0.0,0.0,0.0,0.0
15.0,10.0,32.0,0.0,0.0,0.0,0.0,0.0
16.0,10.0,88.0,1.2,0.0,0.0,0.0,1.0
17.0,10.0,203.0,0.0,0.0,0.0,0.0,0.0
18.0,10.0,243.0,0.0,0.0,0.0,0.0,0.0
19.0,10.0,1046.0,0.0,1.2,0.0,0.0,4.0
20.0,10.0,1140.0,0.0,0.0,0.0,0.5,1.0
21.0,10.0,117.0,0.0,0.0,0.0,0.0,0.0
22.0,10.0,222.0,1.2,0.8,0.0,0.0,3.0
23.0,10.0,504.0,0.1,0.4,0.0,0.0,4.0
24.0,10.0,299.0,0.0,0.0,0.0,0.0,0.0
25.0,10.0,538.0,0.0,1.1,0.0,0.0,0.0
26.0,10.0,114.0,0.3,0.0,0.0,0.0,0.0
27.0,10.0,86.0,0.0,0.0,0.0,0.0,0.0
28.0,10.0,155.0,0.0,0.0,0.0,0.0,1.0
29.0,10.0,317.0,0.0,0.0,0.0,0.0,1.0
30.0,10.0,692.0,2.8,3.4,0.0,0.5,7.0
31.0,10.0,359.0,0.0,1.2,0.0,0.0,0.0
32.0,10.0,129.0,2.0,1.1,0.0,0.0,0.0
33.0,10.0,342.0,0.0,0.2,0.0,0.0,0.0
34.0,10.0,254.0,0.2,0.0,0.0,0.0,0.0
35.0,10.0,329.0,0.0,0.0,0.0,1.0,0.0
36.0,10.0,458.0,0.0,0.0,0.0,1.0,0.0
37.0,10.0,411.0,1.1,0.0,0.0,1.0,0.0
38.0,10.0,8055.0,3.2,1.4,0.0,2.0,20.0
39.0,10.0,2125.0,2.7,0.7,0.0,1.0,3.0
40.0,10.0,124.0,1.1,0.0,0.0,1.0,0.0
41.0,10.0,111.0,1.2,0.0,0.0,1.0,0.0
42.0,10.0,145.0,1.4,0.8,0.0,0.0,1.0
43.0,10.0,7473.0,0.0,0.5,0.0,0.0,0.0
44.0,10.0,35.0,0.0,0.0,0.0,0.0,0.0
45.0,10.0,164.0,0.0,0.0,0.0,0.0,0.0
46.0,10.0,83.0,0.0,0.0,0.0,0.0,0.0
47.0,10.0,83.0,0.0,0.0,0.0,0.0,0.0
48.0,10.0,280.0,0.0,1.1,0.0,0.0,0.0
49.0,10.0,117.0,0.0,1.9,0.0,0.0,0.0
50.0,10.0,227.0,0.0,0.0,0.0,0.0,0.0
1.0,11.0,63.0,0.0,0.0,0.0,0.0,0.0
2.0,11.0,63.0,0.0,0.0,0.0,0.0,0.0
3.0,11.0,943.0,0.0,0.0,0.0,0.0,1.0
4.0,11.0,63.0,0.0,0.0,0.0,0.0,0.0
5.0,11.0,124.0,0.0,0.0,0.0,0.0,0.0
6.0,11.0,105.0,0.0,0.0,0.0,0.0,0.0
7.0,11.0,1618.0,0.0,1.3,0.0,0.0,2.0
8.0,11.0,253.0,0.0,0.0,0.0,0.0,0.0
9.0,11.0,63.0,0.0,0.0,0.0,0.0,0.0
10.0,11.0,105.0,0.0,0.0,0.0,0.0,0.0
11.0,11.0,222.0,0.0,0.0,0.0,0.0,0.0
12.0,11.0,749.0,0.0,0.0,0.0,0.5,1.0
13.0,11.0,9797.0,1.3,2.9,0.0,1.0,20.0
14.0,11.0,1022.0,6.9,0.0,0.0,0.5,4.0
15.0,11.0,442.0,1.2,0.0,0.0,0.0,0.0
16.0,11.0,1775.0,0.6,0.0,0.0,0.0,1.0
17.0,11.0,423.0,0.0,0.0,0.0,0.0,0.0
18.0,11.0,261.0,0.0,0.0,0.0,0.0,1.0
19.0,11.0,128.0,0.0,1.1,0.0,0.0,0.0
20.0,11.0,102.0,0.0,0.0,0.0,0.0,0.0
21.0,11.0,122.0,0.0,0.0,0.0,0.0,0.0
22.0,11.0,189.0,0.9,0.0,0.0,0.0,0.0
23.0,11.0,413.0,0.3,1.2,0.0,0.0,0.0
24.0,11.0,317.0,0.0,0.0,0.0,0.0,0.0
25.0,11.0,717.0,0.0,1.1,0.0,0.0,0.0
26.0,11.0,254.0,0.3,0.0,0.0,0.0,0.0
27.0,11.0,127.0,2.8,0.0,0.0,0.0,0.0
28.0,11.0,274.0,0.0,0.0,0.0,0.0,0.0
29.0,11.0,316.0,0.7,0.0,0.0,0.0,1.0
30.0,11.0,640.0,4.0,2.3,0.0,0.5,7.0
31.0,11.0,282.0,0.0,0.0,0.0,0.0,1.0
32.0,11.0,87.0,2.6,0.0,0.0,0.0,0.0
33.0,11.0,841.0,0.0,0.9,0.0,0.0,0.0
34.0,11.0,13044.0,2.3,1.7,0.0,0.5,2.0
35.0,11.0,413.0,1.4,0.0,0.0,0.0,0.0
36.0,11.0,8996.0,1.1,0.0,0.0,1.0,0.0
37.0,11.0,286.0,1.6,0.0,0.0,1.0,0.0
38.0,11.0,368.0,0.4,0.0,0.0,1.0,0.0
39.0,11.0,162.0,0.0,1.2,0.0,0.0,0.0
40.0,11.0,222.0,0.0,0.0,0.0,0.0,2.0
41.0,11.0,40.0,0.0,0.6,0.0,0.0,0.0
42.0,11.0,431.0,0.0,1.0,0.0,0.0,0.0
43.0,11.0,408.0,0.0,0.0,0.0,0.0,0.0
44.0,11.0,663.0,0.0,0.0,0.0,0.0,0.0
45.0,11.0,28.0,0.0,0.0,0.0,0.0,0.0
46.0,11.0,83.0,0.0,0.0,0.0,0.0,0.0
47.0,11.0,187.0,0.0,1.2,0.0,0.0,0.0
48.0,11.0,211.0,0.0,1.9,0.0,0.0,0.0
49.0,11.0,83.0,0.0,0.0,0.0,0.0,0.0
50.0,11.0,1215.0,0.0,0.0,0.0,0.0,0.0
1.0,12.0,1021.0,0.0,0.0,0.0,0.0,0.0
2.0,12.0,63.0,0.0,0.0,0.0,0.0,0.0
3.0,12.0,127.0,0.0,0.0,0.0,0.0,1.0
4.0,12.0,63.0,0.0,0.0,0.0,0.0,0.0
5.0,12.0,79.0,0.0,0.0,0.0,0.0,0.0
6.0,12.0,44.0,0.0,0.0,0.0,0.0,1.0
7.0,12.0,238.0,0.0,0.7,0.0,0.0,0.0
8.0,12.0,393.0,0.0,0.5,0.0,0.0,0.0
9.0,12.0,31.0,0.0,0.0,0.0,0.0,0.0
10.0,12.0,925.0,0.0,0.0,0.0,0.0,0.0
11.0,12.0,127.0,0.0,0.0,0.0,0.0,0.0
12.0,12.0,63.0,0.0,0.0,0.0,0.0,7.0
13.0,12.0,6412.0,0.3,0.0,0.0,0.5,16.0
14.0,12.0,5588.0,3.9,2.9,0.0,1.0,19.0
15.0,12.0,715.0,2.2,0.0,0.0,1.0,28.0
16.0,12.0,286.0,0.0,0.0,0.0,0.0,1.0
17.0,12.0,143.0,0.0,0.0,0.0,0.0,0.0
18.0,12.0,210.0,0.0,0.0,0.0,0.0,0.0
19.0,12.0,2477.0,0.0,1.2,0.0,0.5,1.0
20.0,12.0,235.0,0.0,0.0,0.0,0.0,0.0
21.0,12.0,28.0,0.0,0.0,0.0,0.0,0.0
22.0,12.0,113.0,0.0,0.0,0.0,0.0,0.0
23.0,12.0,681.0,0.0,1.0,0.0,0.0,1.0
24.0,12.0,333.0,0.0,0.5,0.0,0.0,0.0
25.0,12.0,710.0,0.0,1.1,0.0,0.0,0.0
26.0,12.0,226.0,0.0,0.0,0.0,0.0,0.0
27.0,12.0,112.0,1.0,0.0,0.0,0.0,0.0
28.0,12.0,241.0,2.0,0.0,0.0,0.0,0.0
29.0,12.0,1414.0,1.0,0.0,0.0,0.0,2.0
30.0,12.0,11189.0,7.2,2.3,0.0,1.0,25.0
31.0,12.0,1019.0,1.7,0.0,0.0,0.5,2.0
32.0,12.0,24.0,0.7,0.0,0.0,0.0,0.0
33.0,12.0,1286.0,0.0,0.4,0.0,0.0,0.0
34.0,12.0,613.0,1.4,1.0,0.0,0.5,0.0
35.0,12.0,571.0,0.6,0.0,0.0,0.0,1.0
36.0,12.0,273.0,1.6,0.0,0.0,1.0,0.0
37.0,12.0,247.0,0.4,0.0,0.0,1.0,0.0
38.0,12.0,240.0,0.0,0.0,0.0,0.0,0.0
39.0,12.0,254.0,0.0,0.5,0.0,0.0,1.0
40.0,12.0,538.0,0.0,1.8,0.0,0.0,1.0
41.0,12.0,727.0,0.0,2.1,0.0,0.5,0.0
42.0,12.0,286.0,0.0,0.0,0.0,0.0,0.0
43.0,12.0,155.0,0.0,0.0,0.0,0.0,0.0
44.0,12.0,83.0,0.0,0.0,0.0,0.0,0.0
45.0,12.0,26.0,0.0,0.0,0.6,0.0,0.0
46.0,12.0,1027.0,0.0,1.5,0.0,0.5,0.0
47.0,12.0,118.0,0.0,1.8,0.0,0.0,0.0
48.0,12.0,136.0,0.0,0.0,0.0,0.0,0.0
49.0,12.0,93.0,0.2,0.0,0.0,0.0,0.0
50.0,12.0,83.0,1.3,0.0,0.0,0.0,0.0
1.0,13.0,254.0,0.0,0.0,0.0,0.0,0.0
2.0,13.0,60.0,0.0,0.0,0.0,0.0,0.0
3.0,13.0,1110.0,0.0,0.0,0.0,0.0,0.0
4.0,13.0,87.0,0.0,0.0,0.0,0.0,0.0
5.0,13.0,983.0,0.0,0.0,0.0,0.0,0.0
6.0,13.0,177.0,0.0,0.0,0.0,0.0,1.0
7.0,13.0,85.0,0.0,0.0,0.0,0.0,0.0
8.0,13.0,4494.0,0.0,1.2,0.0,0.0,0.0
9.0,13.0,195.0,0.0,0.0,0.0,0.0,0.0
10.0,13.0,167.0,0.0,0.0,0.0,0.0,0.0
11.0,13.0,199.0,0.0,0.0,0.0,0.0,0.0
12.0,13.0,287.0,0.7,0.0,0.0,0.0,1.0
13.0,13.0,4413.0,0.0,0.0,0.0,0.5,10.0
14.0,13.0,4750.0,0.0,0.2,0.0,0.5,4.0
15.0,13.0,11840.0,0.7,2.7,0.0,2.0,56.0
16.0,13.0,10102.0,0.0,0.0,0.0,0.5,0.0
17.0,13.0,1394.0,0.0,0.0,0.0,0.0,0.0
18.0,13.0,566.0,0.0,0.0,0.0,0.0,0.0
19.0,13.0,538.0,0.0,0.5,0.0,0.0,8.0
20.0,13.0,409.0,0.0,0.8,0.0,0.0,0.0
21.0,13.0,215.0,0.0,0.0,0.0,0.0,1.0
22.0,13.0,1093.0,0.0,0.0,0.0,0.0,2.0
23.0,13.0,972.0,0.0,0.0,0.0,0.0,0.0
24.0,13.0,955.0,0.0,1.5,0.0,0.0,1.0
25.0,13.0,15982.0,1.1,3.8,0.0,0.5,6.0
26.0,13.0,440.0,0.1,2.1,0.0,0.5,2.0
27.0,13.0,342.0,0.4,2.1,0.0,0.5,2.0
28.0,13.0,2688.0,1.9,2.2,0.0,0.5,6.0
29.0,13.0,760.0,4.2,2.1,0.0,0.5,2.0
30.0,13.0,5307.0,4.6,4.3,0.0,1.0,21.0
31.0,13.0,756.0,3.0,0.8,0.0,0.0,0.0
32.0,13.0,539.0,0.0,0.0,0.0,0.0,0.0
33.0,13.0,3092.0,0.0,1.3,0.0,0.0,0.0
34.0,13.0,578.0,1.4,0.0,0.0,0.0,0.0
35.0,13.0,587.0,0.0,0.0,0.0,0.0,0.0
36.0,13.0,381.0,1.7,0.0,0.0,0.5,3.0
37.0,13.0,461.0,0.7,0.0,0.0,0.5,11.0
38.0,13.0,1255.0,0.0,0.0,0.0,0.0,0.0
39.0,13.0,1237.0,0.0,0.8,0.0,0.0,0.0
40.0,13.0,1046.0,0.0,0.8,0.0,0.0,0.0
41.0,13.0,508.0,0.0,0.3,0.0,0.0,0.0
42.0,13.0,2164.0,0.0,1.1,0.0,0.0,0.0
43.0,13.0,444.0,0.0,1.2,0.0,0.0,0.0
44.0,13.0,1017.0,0.5,2.7,0.1,0.5,0.0
45.0,13.0,233.0,0.0,3.4,0.0,0.5,0.0
46.0,13.0,209.0,0.0,1.0,0.0,0.0,0.0
47.0,13.0,261.0,0.0,0.0,0.0,0.0,0.0
48.0,13.0,264.0,0.0,0.0,0.0,0.0,0.0
49.0,13.0,265.0,0.0,0.0,0.0,0.0,0.0
50.0,13.0,464.0,0.0,0.0,0.0,0.0,0.0
1.0,14.0,317.0,0.0,0.6,0.0,0.0,0.0
2.0,14.0,127.0,0.0,0.0,0.0,0.0,0.0
3.0,14.0,919.0,0.0,0.0,0.0,0.0,0.0
4.0,14.0,127.0,0.0,0.0,0.0,0.0,0.0
5.0,14.0,919.0,0.0,0.0,0.0,0.0,0.0
6.0,14.0,24.0,0.0,0.0,0.0,0.0,0.0
7.0,14.0,51.0,0.0,0.0,0.0,0.0,0.0
8.0,14.0,404.0,0.0,1.1,0.0,0.0,1.0
9.0,14.0,190.0,0.0,0.0,0.0,0.0,0.0
10.0,14.0,63.0,0.0,0.0,0.0,0.0,0.0
11.0,14.0,1711.0,0.1,0.0,0.0,0.0,0.0
12.0,14.0,127.0,1.3,0.0,0.0,0.0,0.0
13.0,14.0,185.0,0.8,0.0,0.0,0.0,0.0
14.0,14.0,221.0,0.0,0.0,0.0,0.0,0.0
15.0,14.0,271.0,0.1,0.5,0.0,0.5,13.0
16.0,14.0,4683.0,0.0,2.3,0.0,1.0,33.0
17.0,14.0,1678.0,0.0,0.0,0.0,0.5,1.0
18.0,14.0,301.0,0.0,0.0,0.0,0.0,0.0
19.0,14.0,222.0,0.0,0.0,0.0,0.0,1.0
20.0,14.0,266.0,0.0,3.3,0.0,0.5,9.0
21.0,14.0,284.0,0.0,2.1,0.0,0.5,3.0
22.0,14.0,284.0,0.0,2.6,0.0,0.5,0.0
23.0,14.0,276.0,0.0,2.6,0.0,0.5,2.0
24.0,14.0,280.0,0.0,2.0,0.0,0.0,0.0
25.0,14.0,638.0,1.5,1.1,0.0,0.5,1.0
26.0,14.0,455.0,5.1,0.2,0.0,0.5,0.0
27.0,14.0,243.0,4.5,0.0,0.0,0.5,9.0
28.0,14.0,278.0,5.5,0.0,0.0,0.5,17.0
29.0,14.0,365.0,1.3,0.0,0.0,0.0,0.0
30.0,14.0,684.0,3.6,2.3,0.0,1.0,26.0
31.0,14.0,315.0,3.6,1.3,0.0,0.5,0.0
32.0,14.0,788.0,3.3,3.3,0.0,0.5,5.0
33.0,14.0,850.0,3.5,2.5,0.0,0.5,0.0
34.0,14.0,335.0,1.7,1.8,0.0,0.5,1.0
35.0,14.0,334.0,2.0,0.0,0.0,0.5,4.0
36.0,14.0,323.0,1.4,0.0,0.0,0.5,0.0
37.0,14.0,323.0,2.5,0.0,0.0,0.5,8.0
38.0,14.0,9449.0,0.6,0.9,0.0,0.0,1.0
39.0,14.0,349.0,0.0,0.6,0.0,0.0,0.0
40.0,14.0,270.0,0.0,0.0,0.0,0.0,0.0
41.0,14.0,127.0,0.0,0.0,0.0,0.0,0.0
42.0,14.0,90.0,0.0,1.2,0.0,0.0,0.0
43.0,14.0,232.0,0.2,2.4,0.0,0.5,0.0
44.0,14.0,35.0,0.5,0.9,0.0,0.0,0.0
45.0,14.0,35.0,0.0,0.5,0.0,0.0,0.0
46.0,14.0,156.0,0.0,0.8,0.0,0.0,0.0
47.0,14.0,93.0,0.0,0.0,0.0,0.0,0.0
48.0,14.0,186.0,0.0,0.0,0.0,0.0,0.0
49.0,14.0,161.0,0.0,0.0,0.0,0.0,0.0
50.0,14.0,104.0,0.0,0.0,0.0,0.0,0.0
1.0,15.0,431.0,0.0,1.1,0.0,0.0,1.0
2.0,15.0,238.0,0.0,0.3,0.0,0.0,0.0
3.0,15.0,100.0,0.0,0.0,0.0,0.0,0.0
4.0,15.0,919.0,0.0,0.0,0.0,0.0,0.0
5.0,15.0,63.0,0.0,0.0,0.0,0.0,0.0
6.0,15.0,26.0,0.0,0.0,0.0,0.0,0.0
7.0,15.0,24.0,0.0,0.0,0.0,0.0,0.0
8.0,15.0,403.0,0.0,1.1,0.0,0.0,2.0
9.0,15.0,161.0,0.0,0.0,0.0,0.0,0.0
10.0,15.0,63.0,0.0,0.0,0.0,0.0,0.0
11.0,15.0,79.0,1.4,0.0,0.0,0.0,0.0
12.0,15.0,36.0,0.0,0.0,0.0,0.0,0.0
13.0,15.0,254.0,1.2,0.0,0.0,0.0,0.0
14.0,15.0,127.0,0.0,0.0,0.0,0.0,1.0
15.0,15.0,253.0,0.3,0.0,0.0,0.0,0.0
16.0,15.0,432.0,1.1,1.0,0.0,0.5,3.0
17.0,15.0,698.0,0.2,1.8,0.0,0.5,1.0
18.0,15.0,508.0,0.0,0.0,0.0,0.0,0.0
19.0,15.0,70.0,0.0,2.5,0.0,0.5,1.0
20.0,15.0,95.0,0.0,0.6,0.0,0.0,0.0
21.0,15.0,364.0,0.0,1.0,0.0,0.0,0.0
22.0,15.0,405.0,0.0,0.0,0.0,0.0,1.0
23.0,15.0,511.0,0.0,0.0,0.0,0.0,0.0
24.0,15.0,479.0,0.0,0.0,0.0,0.0,1.0
25.0,15.0,326.0,0.0,0.0,0.0,0.5,0.0
26.0,15.0,10082.0,0.0,1.2,0.0,0.5,5.0
27.0,15.0,549.0,1.1,0.0,0.0,0.0,0.0
28.0,15.0,472.0,0.9,0.0,0.0,0.0,2.0
29.0,15.0,7786.0,1.8,0.0,0.0,6.0,4.0
30.0,15.0,828.0,4.8,2.3,0.0,1.0,31.0
31.0,15.0,317.0,5.8,0.0,0.0,0.0,4.0
32.0,15.0,1077.0,3.7,1.2,0.0,0.5,5.0
33.0,15.0,3954.0,5.0,0.0,0.0,1.0,22.0
34.0,15.0,1582.0,1.2,0.5,0.0,3.0,1.0
35.0,15.0,815.0,4.1,2.7,0.0,0.5,12.0
36.0,15.0,1041.0,0.4,0.4,0.0,0.0,1.0
37.0,15.0,708.0,3.6,0.9,0.0,1.0,7.0
38.0,15.0,1177.0,1.4,0.6,0.0,1.0,2.0
39.0,15.0,5468.0,2.5,0.0,0.0,1.0,1.0
40.0,15.0,114.0,3.4,0.7,0.0,1.0,1.0
41.0,15.0,142.0,0.9,2.4,0.0,0.5,0.0
42.0,15.0,100.0,1.2,1.2,0.0,0.0,0.0
43.0,15.0,184.0,0.3,0.0,0.0,0.0,1.0
44.0,15.0,35.0,0.0,0.4,0.0,0.0,0.0
45.0,15.0,40.0,0.0,1.3,0.0,0.0,0.0
46.0,15.0,26.0,0.0,0.4,0.0,0.0,0.0
47.0,15.0,93.0,0.0,0.0,0.0,0.0,0.0
48.0,15.0,209.0,0.0,0.0,0.0,0.0,0.0
49.0,15.0,93.0,0.0,0.0,0.0,0.0,0.0
50.0,15.0,104.0,0.0,0.0,0.0,0.0,0.0
1.0,16.0,143.0,0.0,0.0,0.0,0.0,0.0
2.0,16.0,431.0,0.0,1.4,0.0,0.0,0.0
3.0,16.0,365.0,0.0,0.1,0.0,0.0,0.0
4.0,16.0,105.0,0.0,0.0,0.0,0.0,0.0
5.0,16.0,63.0,0.0,0.0,0.0,0.0,0.0
6.0,16.0,26.0,0.0,0.0,0.0,0.0,0.0
7.0,16.0,26.0,0.0,0.0,0.0,0.0,0.0
8.0,16.0,450.0,0.0,1.2,0.0,0.0,1.0
9.0,16.0,1855.0,0.0,0.0,0.0,0.0,0.0
10.0,16.0,105.0,0.6,0.0,0.0,0.0,0.0
11.0,16.0,70.0,1.6,0.0,0.0,0.0,0.0
12.0,16.0,79.0,1.6,0.0,0.0,0.0,0.0
13.0,16.0,1904.0,2.5,0.0,0.0,0.5,2.0
14.0,16.0,127.0,1.1,0.0,0.0,0.0,0.0
15.0,16.0,94.0,1.0,0.0,0.0,0.0,0.0
16.0,16.0,70.0,0.0,0.0,0.0,0.0,0.0
17.0,16.0,427.0,0.0,1.5,0.0,0.5,1.0
18.0,16.0,947.0,0.0,2.8,0.0,0.5,10.0
19.0,16.0,265.0,0.0,1.1,0.0,0.0,2.0
20.0,16.0,5105.0,1.5,0.6,0.0,0.5,0.0
21.0,16.0,581.0,0.0,0.8,0.0,0.0,1.0
22.0,16.0,1270.0,0.0,0.0,0.0,0.5,1.0
23.0,16.0,2500.0,0.0,0.0,0.0,0.0,0.0
24.0,16.0,5835.0,0.0,0.0,0.0,0.0,0.0
25.0,16.0,1233.0,0.0,0.0,0.0,0.5,0.0
26.0,16.0,19301.0,4.6,1.1,0.0,0.5,13.0
27.0,16.0,7334.0,1.3,0.0,0.0,0.5,1.0
28.0,16.0,4762.0,1.2,0.0,0.0,0.5,17.0
29.0,16.0,1794.0,7.5,0.0,0.0,0.5,17.0
30.0,16.0,1221.0,7.1,2.2,0.0,1.0,36.0
31.0,16.0,1041.0,8.4,0.0,0.1,0.5,11.0
32.0,16.0,9871.0,10.0,1.2,0.4,1.0,51.0
33.0,16.0,15485.0,6.6,0.0,0.0,7.0,45.0
34.0,16.0,14055.0,11.6,0.0,0.0,3.0,17.0
35.0,16.0,2356.0,4.9,0.0,0.0,0.5,3.0
36.0,16.0,950.0,4.9,3.7,0.0,5.0,35.0
37.0,16.0,913.0,1.2,0.6,0.0,1.0,4.0
38.0,16.0,781.0,1.9,0.4,0.0,1.0,0.0
39.0,16.0,266.0,2.8,2.4,0.0,1.0,0.0
40.0,16.0,138.0,1.4,1.7,0.0,1.0,0.0
41.0,16.0,117.0,0.7,0.0,0.0,0.0,0.0
42.0,16.0,59.0,2.2,0.0,0.0,0.0,0.0
43.0,16.0,1195.0,1.3,1.8,0.0,0.5,2.0
44.0,16.0,104.0,0.0,0.9,0.0,0.0,0.0
45.0,16.0,104.0,0.0,0.0,0.0,0.0,0.0
46.0,16.0,104.0,0.0,0.0,0.0,0.0,0.0
47.0,16.0,104.0,0.0,0.0,0.0,0.0,0.0
48.0,16.0,1050.0,0.0,0.0,0.0,0.0,0.0
49.0,16.0,186.0,0.0,0.0,0.0,0.0,0.0
50.0,16.0,35.0,0.0,0.0,0.0,0.0,7.0
1.0,17.0,124.0,0.0,0.0,0.0,0.0,0.0
2.0,17.0,26.0,0.0,0.0,0.0,0.0,0.0
3.0,17.0,485.0,0.0,1.4,0.0,0.0,0.0
4.0,17.0,15.0,0.0,0.4,0.0,0.0,1.0
5.0,17.0,127.0,0.0,0.0,0.0,0.0,0.0
6.0,17.0,104.0,0.0,0.0,0.0,0.0,9.0
7.0,17.0,17.0,0.0,0.0,0.0,0.0,0.0
8.0,17.0,1271.0,0.0,0.3,0.0,0.0,0.0
9.0,17.0,73.0,0.0,0.9,0.0,0.0,1.0
10.0,17.0,86.0,1.3,0.0,0.0,0.0,0.0
11.0,17.0,63.0,0.7,0.0,0.0,0.0,0.0
12.0,17.0,63.0,1.0,0.0,0.0,0.0,0.0
13.0,17.0,170.0,0.9,0.0,0.0,0.5,2.0
14.0,17.0,187.0,1.7,0.0,0.0,0.0,7.0
15.0,17.0,141.0,1.5,0.0,0.0,0.0,0.0
16.0,17.0,224.0,1.1,0.0,0.0,0.0,0.0
17.0,17.0,254.0,2.0,0.0,0.0,0.0,1.0
18.0,17.0,1092.0,1.9,4.2,0.0,0.5,12.0
19.0,17.0,608.0,0.0,1.0,0.0,0.0,2.0
20.0,17.0,2963.0,0.3,1.1,0.0,0.5,2.0
21.0,17.0,4001.0,0.1,0.0,0.0,0.5,0.0
22.0,17.0,276.0,0.0,0.0,0.0,0.5,0.0
23.0,17.0,2346.0,0.0,0.0,0.0,0.0,0.0
24.0,17.0,4671.0,0.4,0.0,0.0,0.5,0.0
25.0,17.0,7475.0,0.0,0.0,0.0,0.5,0.0
26.0,17.0,8830.0,1.0,1.2,0.0,0.5,7.0
27.0,17.0,20576.0,1.9,0.0,0.0,0.5,3.0
28.0,17.0,44621.0,4.3,0.0,0.0,0.5,8.0
29.0,17.0,9186.0,4.3,1.4,0.0,10.0,28.0
30.0,17.0,13691.0,4.8,1.1,1.1,4.0,26.0
31.0,17.0,4430.0,5.9,1.0,1.0,1.0,19.0
32.0,17.0,9176.0,14.2,0.4,0.7,1.0,30.0
33.0,17.0,18261.0,6.1,0.0,1.5,7.0,20.0
34.0,17.0,9454.0,6.4,0.0,1.1,9.0,13.0
35.0,17.0,9043.0,6.1,0.9,1.2,7.0,44.0
36.0,17.0,1909.0,3.3,2.3,0.1,1.0,8.0
37.0,17.0,423.0,0.9,4.1,0.0,1.0,0.0
38.0,17.0,823.0,2.7,2.0,0.0,1.0,0.0
39.0,17.0,338.0,1.3,0.0,0.0,1.0,0.0
40.0,17.0,405.0,0.0,0.0,0.0,1.0,0.0
41.0,17.0,333.0,0.0,0.0,0.0,0.0,0.0
42.0,17.0,124.0,0.0,0.0,0.0,0.0,0.0
43.0,17.0,206.0,0.0,1.0,0.0,0.0,0.0
44.0,17.0,35.0,0.0,0.2,0.0,0.0,1.0
45.0,17.0,35.0,0.0,0.0,0.0,0.0,0.0
46.0,17.0,117.0,0.0,0.0,0.0,0.0,0.0
47.0,17.0,26.0,0.0,0.0,0.0,0.0,0.0
48.0,17.0,163.0,0.0,0.0,0.0,0.0,0.0
49.0,17.0,35.0,0.0,0.0,0.0,0.0,0.0
50.0,17.0,35.0,0.0,0.0,0.0,0.0,0.0
1.0,18.0,143.0,0.0,0.0,0.0,0.0,0.0
2.0,18.0,215.0,0.0,0.0,0.0,0.0,0.0
3.0,18.0,6802.0,0.0,0.0,0.0,0.0,0.0
4.0,18.0,580.0,0.0,0.7,0.0,0.0,0.0
5.0,18.0,8230.0,0.0,1.1,0.0,0.0,0.0
6.0,18.0,524.0,0.0,0.7,0.0,0.0,0.0
7.0,18.0,413.0,0.0,0.0,0.0,0.0,0.0
8.0,18.0,2060.0,0.0,1.1,0.0,0.0,2.0
9.0,18.0,1778.0,0.0,0.0,0.0,0.0,0.0
10.0,18.0,495.0,2.0,0.0,0.0,0.0,0.0
11.0,18.0,303.0,0.8,0.0,0.0,0.0,1.0
12.0,18.0,199.0,0.0,0.0,0.0,0.0,0.0
13.0,18.0,349.0,0.0,0.0,0.0,0.0,0.0
14.0,18.0,2813.0,2.7,0.0,0.0,0.5,1.0
15.0,18.0,337.0,0.3,0.0,0.0,0.0,0.0
16.0,18.0,147.0,6.2,0.0,0.0,0.5,2.0
17.0,18.0,146.0,0.4,0.0,0.0,0.0,0.0
18.0,18.0,4968.0,1.3,2.4,0.0,0.5,0.0
19.0,18.0,10797.0,0.2,2.1,0.0,0.5,10.0
20.0,18.0,28667.0,6.1,2.2,0.0,2.0,70.0
21.0,18.0,25093.0,6.1,0.0,0.0,0.5,8.0
22.0,18.0,10302.0,3.3,0.0,0.0,1.0,20.0
23.0,18.0,19675.0,0.7,0.0,0.0,0.5,0.0
24.0,18.0,12965.0,0.8,0.0,0.0,0.5,1.0
25.0,18.0,15451.0,0.6,1.4,0.0,0.5,0.0
26.0,18.0,5927.0,0.0,2.4,0.0,0.5,4.0
27.0,18.0,30617.0,1.2,3.0,0.0,0.5,3.0
28.0,18.0,73127.0,7.9,2.1,0.0,10.0,23.0
29.0,18.0,77405.0,7.4,4.4,0.0,11.0,55.0
30.0,18.0,58487.0,11.3,2.5,0.0,4.0,44.0
31.0,18.0,33247.0,12.3,4.6,0.4,5.0,52.0
32.0,18.0,29479.0,20.8,1.3,0.0,1.0,38.0
33.0,18.0,58711.0,14.9,0.0,0.0,1.0,14.0
34.0,18.0,18564.0,9.9,0.9,0.0,16.0,19.0
35.0,18.0,9166.0,9.3,2.3,0.0,1.0,19.0
36.0,18.0,8328.0,5.6,2.9,1.2,1.0,13.0
37.0,18.0,1813.0,4.8,3.0,1.3,1.0,20.0
38.0,18.0,15688.0,0.0,0.0,0.0,0.5,0.0
39.0,18.0,1919.0,0.0,0.0,0.0,0.0,1.0
40.0,18.0,1686.0,0.0,0.0,1.0,0.0,0.0
41.0,18.0,8226.0,0.3,0.0,0.0,0.5,4.0
42.0,18.0,778.0,0.0,0.0,0.0,0.0,0.0
43.0,18.0,417.0,0.0,0.0,0.0,1.0,0.0
44.0,18.0,222.0,0.0,1.2,0.0,1.0,0.0
45.0,18.0,139.0,0.0,0.0,0.0,0.0,0.0
46.0,18.0,175.0,0.0,0.0,0.0,0.0,0.0
47.0,18.0,138.0,0.0,0.0,0.0,0.0,0.0
48.0,18.0,1344.0,0.0,0.0,0.0,0.5,0.0
49.0,18.0,57.0,0.0,0.0,0.0,0.0,0.0
50.0,18.0,188.0,0.0,0.0,0.0,0.0,0.0
1.0,19.0,63.0,0.0,0.0,0.0,0.0,0.0
2.0,19.0,26.0,0.0,0.0,0.0,0.0,0.0
3.0,19.0,185.0,0.0,0.0,0.0,0.0,0.0
4.0,19.0,113.0,0.0,0.0,0.0,0.0,0.0
5.0,19.0,32.0,0.0,0.0,0.0,0.0,0.0
6.0,19.0,37.0,0.0,0.4,0.0,0.0,0.0
7.0,19.0,532.0,0.0,1.7,1.5,0.5,1.0
8.0,19.0,13164.0,0.0,2.3,0.2,0.5,8.0
9.0,19.0,9675.0,2.3,3.1,0.0,2.0,54.0
10.0,19.0,1515.0,1.1,2.1,0.8,1.0,26.0
11.0,19.0,709.0,0.0,2.1,0.0,0.5,1.0
12.0,19.0,5883.0,0.1,2.1,0.0,0.5,3.0
13.0,19.0,972.0,0.0,2.1,0.0,0.5,1.0
14.0,19.0,334.0,2.1,2.1,0.0,0.5,8.0
15.0,19.0,355.0,0.6,2.1,0.0,0.5,7.0
16.0,19.0,350.0,8.5,2.1,0.0,1.0,16.0
17.0,19.0,485.0,1.2,2.1,0.0,0.5,6.0
18.0,19.0,1448.0,0.5,4.3,0.0,0.5,13.0
19.0,19.0,14208.0,0.3,2.1,0.0,0.5,8.0
20.0,19.0,29094.0,1.2,7.2,0.0,2.0,62.0
21.0,19.0,23572.0,7.0,3.3,0.0,1.0,51.0
22.0,19.0,22655.0,13.4,1.8,0.0,4.0,48.0
23.0,19.0,22699.0,10.6,0.0,0.0,1.0,6.0
24.0,19.0,28030.0,2.9,1.0,0.0,0.5,3.0
25.0,19.0,18881.0,1.0,1.7,0.0,0.5,0.0
26.0,19.0,8693.0,0.0,0.0,0.0,0.5,0.0
27.0,19.0,20187.0,0.0,1.3,0.0,0.5,8.0
28.0,19.0,25850.0,3.7,0.0,0.0,1.0,18.0
29.0,19.0,6032.0,6.0,2.5,0.2,1.0,23.0
30.0,19.0,21192.0,9.3,2.4,0.0,1.0,31.0
31.0,19.0,17241.0,16.8,0.0,2.5,1.0,32.0
32.0,19.0,34060.0,14.4,0.9,2.3,1.0,14.0
33.0,19.0,20131.0,17.6,5.4,0.0,1.0,32.0
34.0,19.0,8380.0,11.7,3.3,0.2,3.0,16.0
35.0,19.0,4467.0,8.7,0.7,1.5,1.0,26.0
36.0,19.0,1449.0,5.1,0.0,1.2,0.5,15.0
37.0,19.0,418.0,5.9,2.3,0.0,0.5,15.0
38.0,19.0,1091.0,0.1,0.0,0.0,0.0,0.0
39.0,19.0,413.0,0.5,0.0,0.0,0.0,0.0
40.0,19.0,381.0,1.7,0.0,0.0,0.0,0.0
41.0,19.0,423.0,0.8,0.0,0.0,1.0,0.0
42.0,19.0,222.0,0.0,0.0,0.0,1.0,0.0
43.0,19.0,150.0,0.0,0.0,0.0,1.0,1.0
44.0,19.0,859.0,0.0,1.1,0.0,1.0,4.0
45.0,19.0,104.0,0.0,0.0,0.0,1.0,0.0
46.0,19.0,104.0,0.0,0.0,0.0,0.0,0.0
47.0,19.0,104.0,0.0,0.0,0.0,0.0,0.0
48.0,19.0,206.0,0.0,0.0,0.0,0.0,0.0
49.0,19.0,127.0,0.0,0.0,0.0,0.0,0.0
50.0,19.0,41.0,0.0,0.0,0.0,0.0,0.0
1.0,20.0,63.0,1.1,0.0,0.0,0.0,0.0
2.0,20.0,44.0,1.0,0.0,0.0,0.0,0.0
3.0,20.0,963.0,0.6,0.0,0.0,0.0,0.0
4.0,20.0,31.0,1.0,0.0,0.0,0.0,0.0
5.0,20.0,37.0,0.5,0.0,0.0,0.0,0.0
6.0,20.0,287.0,0.0,0.8,0.6,0.0,1.0
7.0,20.0,597.0,0.0,2.5,0.3,0.5,1.0
8.0,20.0,9218.0,1.4,2.7,0.0,3.0,108.0
9.0,20.0,4143.0,2.2,0.7,0.0,1.0,43.0
10.0,20.0,334.0,0.0,0.0,0.0,0.0,0.0
11.0,20.0,254.0,0.0,0.0,0.0,0.0,0.0
12.0,20.0,70.0,0.0,0.0,0.0,0.0,0.0
13.0,20.0,324.0,0.0,0.0,0.0,0.0,0.0
14.0,20.0,114.0,0.0,0.0,0.0,0.0,0.0
15.0,20.0,127.0,0.0,0.0,0.0,0.0,1.0
16.0,20.0,109.0,8.6,0.0,0.0,0.5,2.0
17.0,20.0,258.0,2.5,0.0,0.0,0.5,1.0
18.0,20.0,684.0,0.4,2.3,0.0,0.5,12.0
19.0,20.0,968.0,2.0,0.0,0.0,0.5,5.0
20.0,20.0,16669.0,2.6,2.3,0.0,1.0,24.0
21.0,20.0,8443.0,5.1,0.0,0.0,0.5,14.0
22.0,20.0,8809.0,10.2,1.3,0.0,1.0,18.0
23.0,20.0,80817.0,20.1,2.2,0.0,1.0,46.0
24.0,20.0,13494.0,11.1,4.6,0.0,2.0,64.0
25.0,20.0,17899.0,9.9,1.4,0.0,1.0,22.0
26.0,20.0,20415.0,8.2,0.5,0.7,0.5,13.0
27.0,20.0,8636.0,2.1,3.1,1.9,0.5,2.0
28.0,20.0,81071.0,5.1,4.7,0.0,1.0,20.0
29.0,20.0,38314.0,9.9,1.9,2.3,1.0,24.0
30.0,20.0,53639.0,11.6,2.3,2.6,1.0,15.0
31.0,20.0,44000.0,20.9,0.0,6.2,2.0,64.0
32.0,20.0,29333.0,17.5,0.0,2.9,1.0,38.0
33.0,20.0,45946.0,9.8,2.0,2.5,4.0,20.0
34.0,20.0,9185.0,9.7,5.1,1.7,10.0,49.0
35.0,20.0,8610.0,9.6,0.0,0.0,6.0,15.0
36.0,20.0,3608.0,11.2,0.0,0.2,1.0,38.0
37.0,20.0,2507.0,9.4,2.3,0.6,3.0,88.0
38.0,20.0,2674.0,6.0,0.0,0.0,0.5,6.0
39.0,20.0,37.0,1.0,0.0,0.0,0.0,1.0
40.0,20.0,114.0,1.8,0.0,0.0,1.0,8.0
41.0,20.0,104.0,0.0,0.0,0.0,1.0,0.0
42.0,20.0,35.0,0.0,0.0,0.0,1.0,0.0
43.0,20.0,291.0,0.0,0.0,0.0,1.0,0.0
44.0,20.0,251.0,0.0,1.2,0.0,1.0,1.0
45.0,20.0,37.0,0.0,0.0,0.0,0.0,0.0
46.0,20.0,43.0,0.0,0.0,0.0,0.0,0.0
47.0,20.0,41.0,0.0,0.0,0.0,0.0,0.0
48.0,20.0,365.0,0.0,0.0,0.0,0.0,0.0
49.0,20.0,317.0,0.0,0.9,0.0,0.0,1.0
50.0,20.0,1149.0,0.7,2.1,0.0,0.5,6.0
1.0,21.0,28.0,0.0,0.0,0.0,0.0,0.0
2.0,21.0,73.0,0.2,0.0,0.0,0.0,0.0
3.0,21.0,408.0,0.4,0.0,0.0,0.0,0.0
4.0,21.0,806.0,0.0,0.0,0.0,0.5,0.0
5.0,21.0,762.0,0.6,1.6,0.0,0.5,1.0
6.0,21.0,637.0,3.2,1.9,0.0,0.5,3.0
7.0,21.0,413.0,1.2,0.0,0.0,0.0,0.0
8.0,21.0,744.0,0.6,0.0,0.0,0.0,0.0
9.0,21.0,469.0,0.0,1.1,0.0,0.0,12.0
10.0,21.0,126.0,0.0,0.0,0.0,0.0,0.0
11.0,21.0,1819.0,0.0,0.0,0.0,0.0,0.0
12.0,21.0,127.0,0.0,0.0,0.0,0.0,0.0
13.0,21.0,253.0,0.0,0.0,0.0,0.0,1.0
14.0,21.0,110.0,0.0,0.0,0.0,0.0,0.0
15.0,21.0,1094.0,1.8,0.0,0.0,0.5,2.0
16.0,21.0,54.0,7.4,0.0,0.0,0.5,16.0
17.0,21.0,114.0,3.3,0.0,0.0,0.5,4.0
18.0,21.0,594.0,3.2,2.4,0.0,0.5,7.0
19.0,21.0,1446.0,2.9,0.0,0.0,0.5,11.0
20.0,21.0,8119.0,4.5,0.8,0.0,0.5,2.0
21.0,21.0,7561.0,8.1,1.5,0.0,0.5,17.0
22.0,21.0,11175.0,10.7,0.0,2.1,1.0,26.0
23.0,21.0,32247.0,14.3,0.0,2.1,1.0,19.0
24.0,21.0,15963.0,12.8,2.4,2.1,1.0,21.0
25.0,21.0,12772.0,15.1,1.9,1.4,1.0,27.0
26.0,21.0,22988.0,19.2,4.9,0.3,2.0,72.0
27.0,21.0,21025.0,15.4,0.7,0.5,1.0,26.0
28.0,21.0,30880.0,2.8,2.6,2.4,0.5,11.0
29.0,21.0,28256.0,10.1,2.9,2.4,1.0,23.0
30.0,21.0,35844.0,10.9,5.9,2.8,1.0,37.0
31.0,21.0,25394.0,7.9,1.8,3.2,1.0,14.0
32.0,21.0,17959.0,6.5,2.5,1.2,1.0,47.0
33.0,21.0,20501.0,7.4,1.0,3.3,4.0,25.0
34.0,21.0,9186.0,11.6,2.3,1.5,7.0,18.0
35.0,21.0,9185.0,18.0,0.0,1.5,1.0,28.0
36.0,21.0,6925.0,11.1,0.0,0.9,1.0,48.0
37.0,21.0,2752.0,11.7,2.3,0.0,2.0,55.0
38.0,21.0,1439.0,3.9,0.0,0.0,0.5,5.0
39.0,21.0,124.0,1.8,0.0,0.0,0.0,0.0
40.0,21.0,237.0,2.4,0.0,0.0,1.0,0.0
41.0,21.0,270.0,0.0,0.0,0.0,1.0,0.0
42.0,21.0,254.0,0.0,0.0,0.0,1.0,0.0
43.0,21.0,6379.0,1.0,3.0,0.0,1.0,4.0
44.0,21.0,1228.0,1.8,3.8,0.0,0.5,16.0
45.0,21.0,372.0,0.3,3.7,0.0,0.5,2.0
46.0,21.0,266.0,0.3,4.5,0.0,0.5,1.0
47.0,21.0,128.0,0.4,2.8,0.0,0.5,0.0
48.0,21.0,250.0,0.4,2.2,0.0,0.5,0.0
49.0,21.0,128.0,0.0,1.3,0.0,0.0,0.0
50.0,21.0,1309.0,1.1,0.0,0.0,0.5,3.0
1.0,22.0,124.0,0.0,0.0,0.0,0.0,0.0
2.0,22.0,254.0,0.0,0.0,0.0,0.0,0.0
3.0,22.0,571.0,0.0,0.9,0.0,0.0,0.0
4.0,22.0,3104.0,0.0,2.4,0.0,0.5,6.0
5.0,22.0,2782.0,0.0,1.0,0.0,0.5,3.0
6.0,22.0,431.0,0.7,0.0,0.0,0.0,1.0
7.0,22.0,249.0,3.3,0.0,0.0,0.5,1.0
8.0,22.0,635.0,1.1,0.0,0.0,0.0,0.0
9.0,22.0,426.0,1.2,1.2,0.0,0.5,5.0
10.0,22.0,254.0,0.6,0.0,0.0,0.0,3.0
11.0,22.0,127.0,0.0,0.0,0.0,0.0,0.0
12.0,22.0,127.0,0.0,0.0,0.0,0.0,0.0
13.0,22.0,253.0,0.0,0.0,0.0,0.0,0.0
14.0,22.0,127.0,0.0,0.0,0.0,0.0,0.0
15.0,22.0,1800.0,2.9,0.0,0.0,0.5,1.0
16.0,22.0,570.0,2.5,0.0,0.0,0.5,0.0
17.0,22.0,121.0,7.3,0.0,0.0,0.5,14.0
18.0,22.0,975.0,9.6,1.6,0.1,2.0,78.0
19.0,22.0,1220.0,1.6,0.7,0.0,0.5,2.0
20.0,22.0,4142.0,4.2,0.0,0.0,0.5,10.0
21.0,22.0,3952.0,10.4,2.4,0.0,2.0,59.0
22.0,22.0,8257.0,13.9,0.3,2.3,2.0,56.0
23.0,22.0,21551.0,16.1,1.1,0.0,1.0,33.0
24.0,22.0,10775.0,12.6,3.7,0.5,1.0,20.0
25.0,22.0,12346.0,15.9,2.9,0.3,1.0,11.0
26.0,22.0,30710.0,17.7,1.6,1.1,1.0,35.0
27.0,22.0,39869.0,15.0,4.8,2.1,1.0,41.0
28.0,22.0,33263.0,7.5,2.5,2.8,1.0,5.0
29.0,22.0,45796.0,12.1,2.2,2.4,1.0,15.0
30.0,22.0,33449.0,12.7,3.7,2.7,7.0,36.0
31.0,22.0,27937.0,4.2,0.7,1.3,3.0,14.0
32.0,22.0,21551.0,8.3,0.0,2.9,4.0,29.0
33.0,22.0,30597.0,6.3,0.0,1.0,21.0,8.0
34.0,22.0,18184.0,10.5,2.3,2.4,10.0,34.0
35.0,22.0,9557.0,10.6,0.0,0.0,0.5,10.0
36.0,22.0,6940.0,7.7,0.0,0.0,15.0,8.0
37.0,22.0,1890.0,6.2,1.0,0.0,0.5,14.0
38.0,22.0,2026.0,7.2,1.3,0.0,3.0,12.0
39.0,22.0,364.0,6.8,0.0,0.0,0.5,0.0
40.0,22.0,379.0,5.8,0.0,0.0,1.0,1.0
41.0,22.0,442.0,0.9,1.8,0.0,1.0,4.0
42.0,22.0,350.0,1.9,2.5,0.0,1.0,2.0
43.0,22.0,4783.0,1.2,1.3,0.0,1.0,4.0
44.0,22.0,544.0,1.5,0.0,0.0,0.0,0.0
45.0,22.0,74.0,0.0,0.0,0.0,0.0,0.0
46.0,22.0,42.0,0.0,1.2,0.0,0.0,0.0
47.0,22.0,95.0,0.0,0.0,0.0,0.0,1.0
48.0,22.0,170.0,0.0,0.0,0.0,0.0,0.0
49.0,22.0,41.0,0.0,0.0,0.0,0.0,0.0
50.0,22.0,127.0,0.0,0.0,0.0,0.0,0.0
1.0,23.0,845.0,0.0,2.2,0.0,0.5,2.0
2.0,23.0,1063.0,0.0,2.2,0.0,0.5,5.0
3.0,23.0,5644.0,0.0,1.5,0.0,0.0,4.0
4.0,23.0,490.0,0.0,0.0,0.0,0.0,0.0
5.0,23.0,334.0,0.0,0.0,0.0,0.0,0.0
6.0,23.0,349.0,0.3,0.0,0.0,0.0,2.0
7.0,23.0,368.0,0.6,0.0,0.0,0.0,1.0
8.0,23.0,1138.0,0.0,0.9,0.0,0.0,0.0
9.0,23.0,543.0,0.0,0.3,0.0,0.5,0.0
10.0,23.0,476.0,0.7,0.0,0.0,0.0,2.0
11.0,23.0,549.0,1.1,0.0,0.0,0.0,2.0
12.0,23.0,1987.0,1.3,0.0,0.0,0.5,8.0
13.0,23.0,508.0,0.6,0.0,0.0,0.0,2.0
14.0,23.0,168.0,0.2,0.0,0.0,0.0,1.0
15.0,23.0,815.0,1.3,0.0,0.0,0.0,2.0
16.0,23.0,1908.0,13.5,0.0,0.0,1.0,2.0
17.0,23.0,3028.0,14.0,0.0,0.0,1.0,11.0
18.0,23.0,14601.0,15.9,2.5,2.4,2.0,61.0
19.0,23.0,1459.0,8.9,0.0,0.0,0.5,6.0
20.0,23.0,2931.0,6.0,0.0,0.0,0.5,3.0
21.0,23.0,4202.0,10.9,2.3,2.7,1.0,38.0
22.0,23.0,17831.0,9.0,0.0,2.6,1.0,17.0
23.0,23.0,36744.0,13.2,0.0,4.3,2.0,53.0
24.0,23.0,18372.0,14.3,2.4,4.0,1.0,22.0
25.0,23.0,28309.0,14.2,2.8,5.2,1.0,39.0
26.0,23.0,65073.0,8.7,2.5,8.4,2.0,65.0
27.0,23.0,91594.0,10.4,0.1,6.4,1.0,32.0
28.0,23.0,102844.0,7.2,2.3,8.7,1.0,43.0
29.0,23.0,72856.0,15.1,0.0,4.0,2.0,75.0
30.0,23.0,75429.0,13.8,1.7,1.4,2.0,54.0
31.0,23.0,71838.0,5.6,3.2,1.3,3.0,16.0
32.0,23.0,61960.0,5.6,2.1,2.2,4.0,26.0
33.0,23.0,79096.0,11.9,2.2,1.4,13.0,24.0
34.0,23.0,34751.0,6.1,5.2,3.3,4.0,35.0
35.0,23.0,32327.0,9.3,2.4,1.4,1.0,31.0
36.0,23.0,18249.0,9.9,2.1,0.0,16.0,37.0
37.0,23.0,18118.0,7.5,2.1,0.0,13.0,44.0
38.0,23.0,15460.0,11.2,4.4,0.0,5.0,58.0
39.0,23.0,3102.0,12.9,2.1,0.3,7.0,43.0
40.0,23.0,2229.0,9.3,2.3,1.0,2.0,43.0
41.0,23.0,1618.0,2.4,0.8,0.0,1.0,0.0
42.0,23.0,713.0,0.0,0.0,0.0,1.0,0.0
43.0,23.0,2360.0,1.2,0.0,0.0,0.0,0.0
44.0,23.0,65.0,0.2,0.0,0.0,0.0,0.0
45.0,23.0,75.0,0.0,0.0,0.0,0.0,0.0
46.0,23.0,149.0,0.0,1.3,0.0,0.0,0.0
47.0,23.0,1631.0,0.0,0.1,0.0,0.0,0.0
48.0,23.0,312.0,0.0,0.0,0.0,0.0,0.0
49.0,23.0,105.0,0.0,0.0,0.0,0.0,0.0
50.0,23.0,139.0,0.0,0.0,0.0,0.0,0.0
1.0,24.0,286.0,0.0,0.0,0.0,0.0,0.0
2.0,24.0,254.0,0.0,0.0,0.0,0.0,1.0
3.0,24.0,146.0,0.0,0.0,0.0,0.0,1.0
4.0,24.0,127.0,0.0,0.0,0.0,0.0,0.0
5.0,24.0,127.0,0.0,0.0,0.0,0.0,0.0
6.0,24.0,69.0,0.0,0.0,0.0,0.0,0.0
7.0,24.0,254.0,0.0,0.0,0.0,0.0,0.0
8.0,24.0,862.0,0.0,1.2,0.0,0.0,0.0
9.0,24.0,254.0,0.0,0.0,0.0,0.0,0.0
10.0,24.0,114.0,0.0,0.0,0.0,0.0,0.0
11.0,24.0,127.0,0.0,0.0,0.0,0.0,0.0
12.0,24.0,127.0,0.0,0.0,0.0,0.0,0.0
13.0,24.0,191.0,3.1,0.0,0.0,0.5,7.0
14.0,24.0,182.0,2.8,0.0,0.0,0.5,8.0
15.0,24.0,121.0,3.7,0.0,0.0,0.5,11.0
16.0,24.0,392.0,10.8,0.0,0.0,2.0,85.0
17.0,24.0,4663.0,21.7,0.0,0.0,2.0,77.0
18.0,24.0,2854.0,12.5,2.3,1.2,1.0,43.0
19.0,24.0,1265.0,6.3,0.0,2.1,0.5,3.0
20.0,24.0,2404.0,4.5,0.0,1.4,0.5,10.0
21.0,24.0,3021.0,12.2,1.1,0.4,1.0,34.0
22.0,24.0,7981.0,12.6,1.4,2.8,2.0,60.0
23.0,24.0,18066.0,16.8,0.0,2.1,1.0,46.0
24.0,24.0,9186.0,8.2,2.6,2.4,1.0,11.0
25.0,24.0,9185.0,6.4,2.5,0.4,0.5,6.0
26.0,24.0,24245.0,12.0,0.6,2.9,1.0,23.0
27.0,24.0,51184.0,15.0,4.1,5.7,3.0,99.0
28.0,24.0,63218.0,10.3,1.9,4.8,1.0,14.0
29.0,24.0,47413.0,17.6,2.6,1.6,4.0,26.0
30.0,24.0,48491.0,10.5,3.3,0.6,7.0,34.0
31.0,24.0,32326.0,4.9,1.6,0.4,0.5,11.0
32.0,24.0,25542.0,7.6,0.0,3.2,9.0,16.0
33.0,24.0,23703.0,13.3,0.0,3.5,4.0,35.0
34.0,24.0,9186.0,13.7,1.6,2.9,2.0,76.0
35.0,24.0,9166.0,12.7,0.7,3.0,4.0,49.0
36.0,24.0,6972.0,13.7,0.0,2.4,1.0,15.0
37.0,24.0,3576.0,3.7,0.0,2.2,0.5,8.0
38.0,24.0,2673.0,9.0,2.4,0.5,0.5,16.0
39.0,24.0,1278.0,12.5,0.0,0.4,24.0,10.0
40.0,24.0,511.0,3.6,0.0,3.6,2.0,18.0
41.0,24.0,280.0,1.7,0.0,0.0,1.0,0.0
42.0,24.0,104.0,3.3,0.0,0.0,0.0,0.0
43.0,24.0,557.0,3.3,0.0,0.0,0.5,0.0
44.0,24.0,161.0,1.1,0.0,0.0,0.0,0.0
45.0,24.0,139.0,0.9,0.0,0.0,0.0,0.0
46.0,24.0,70.0,1.1,0.3,0.0,0.0,0.0
47.0,24.0,105.0,0.0,0.9,0.0,0.0,2.0
48.0,24.0,133.0,0.0,0.0,0.0,0.0,0.0
49.0,24.0,28.0,0.0,0.0,0.0,0.0,0.0
50.0,24.0,919.0,0.0,0.0,0.0,0.0,0.0
1.0,25.0,114.0,0.0,0.0,0.0,0.0,0.0
2.0,25.0,127.0,0.0,0.0,0.0,0.0,0.0
3.0,25.0,254.0,0.0,0.0,0.0,0.0,0.0
4.0,25.0,127.0,0.0,0.0,0.0,0.0,0.0
5.0,25.0,127.0,0.0,0.0,0.0,0.0,0.0
6.0,25.0,222.0,1.6,0.0,0.0,0.0,0.0
7.0,25.0,315.0,3.6,0.4,0.0,0.5,5.0
8.0,25.0,730.0,0.0,0.8,0.0,0.0,1.0
9.0,25.0,316.0,0.0,0.0,0.0,0.0,0.0
10.0,25.0,222.0,0.0,0.0,0.0,0.0,0.0
11.0,25.0,127.0,0.0,0.0,0.0,0.0,0.0
12.0,25.0,111.0,0.6,0.0,0.0,0.0,0.0
13.0,25.0,184.0,1.9,0.0,0.0,0.0,0.0
14.0,25.0,80.0,1.1,0.0,0.0,0.0,1.0
15.0,25.0,127.0,0.8,0.0,0.0,0.0,2.0
16.0,25.0,183.0,4.7,0.0,0.0,0.5,4.0
17.0,25.0,136.0,7.9,0.0,0.0,0.5,6.0
18.0,25.0,200.0,2.3,1.1,0.0,0.5,2.0
19.0,25.0,1671.0,6.6,1.2,0.0,0.5,9.0
20.0,25.0,3268.0,6.1,0.0,1.1,0.5,11.0
21.0,25.0,7000.0,12.2,0.0,0.4,1.0,20.0
22.0,25.0,7789.0,10.9,5.0,2.0,1.0,49.0
23.0,25.0,18373.0,9.3,0.0,4.0,1.0,40.0
24.0,25.0,9146.0,9.4,0.5,2.1,1.0,48.0
25.0,25.0,9065.0,11.5,3.1,3.9,1.0,15.0
26.0,25.0,13619.0,19.3,2.4,1.8,1.0,34.0
27.0,25.0,25862.0,15.7,4.5,1.4,1.0,32.0
28.0,25.0,53293.0,6.1,2.3,6.6,1.0,22.0
29.0,25.0,31249.0,7.4,2.3,2.5,13.0,22.0
30.0,25.0,28735.0,6.3,0.0,3.6,15.0,9.0
31.0,25.0,26340.0,6.4,0.0,3.2,1.0,22.0
32.0,25.0,24245.0,4.3,2.4,0.6,6.0,9.0
33.0,25.0,43775.0,2.8,1.1,0.8,22.0,18.0
34.0,25.0,12497.0,12.5,0.0,2.3,7.0,30.0
35.0,25.0,9185.0,15.5,2.2,0.0,1.0,21.0
36.0,25.0,9187.0,13.9,0.0,1.8,1.0,32.0
37.0,25.0,6031.0,11.1,0.0,1.9,1.0,48.0
38.0,25.0,3058.0,8.6,0.9,0.0,0.5,17.0
39.0,25.0,269.0,5.7,1.6,0.0,9.0,13.0
40.0,25.0,237.0,0.0,0.0,0.0,4.0,8.0
41.0,25.0,124.0,0.0,0.0,0.0,1.0,1.0
42.0,25.0,114.0,1.2,0.0,0.0,0.0,0.0
43.0,25.0,168.0,0.0,0.0,0.0,0.0,0.0
44.0,25.0,911.0,0.0,0.0,0.0,0.0,0.0
45.0,25.0,79.0,0.5,0.0,0.0,0.0,0.0
46.0,25.0,156.0,0.0,0.0,0.0,0.0,1.0
47.0,25.0,40.0,0.0,1.2,0.0,0.0,0.0
48.0,25.0,70.0,0.0,0.0,0.0,0.0,0.0
49.0,25.0,79.0,0.0,0.0,0.0,0.0,0.0
50.0,25.0,104.0,0.0,0.0,0.0,0.0,0.0
1.0,26.0,31.0,0.0,0.0,0.0,0.0,0.0
2.0,26.0,90.0,0.0,0.0,0.0,0.0,0.0
3.0,26.0,238.0,0.0,0.0,0.0,0.0,0.0
4.0,26.0,111.0,0.0,0.0,0.0,0.0,0.0
5.0,26.0,84.0,0.0,0.0,0.0,0.0,0.0
6.0,26.0,254.0,0.5,0.0,0.0,0.0,0.0
7.0,26.0,377.0,3.5,1.2,0.0,0.5,3.0
8.0,26.0,698.0,0.0,0.0,0.0,0.0,0.0
9.0,26.0,381.0,0.0,0.0,0.0,0.0,0.0
10.0,26.0,254.0,0.0,0.0,0.0,0.0,0.0
11.0,26.0,44.0,0.0,0.0,0.0,0.0,0.0
12.0,26.0,79.0,0.4,0.0,0.0,0.0,0.0
13.0,26.0,292.0,1.5,0.0,0.0,0.0,0.0
14.0,26.0,224.0,0.5,0.0,0.0,0.0,2.0
15.0,26.0,143.0,1.4,0.0,0.7,0.5,2.0
16.0,26.0,190.0,0.2,0.0,2.0,0.5,0.0
17.0,26.0,131.0,3.0,0.0,2.1,0.5,3.0
18.0,26.0,4846.0,2.6,0.6,2.3,0.5,16.0
19.0,26.0,630.0,0.0,1.7,1.9,0.5,7.0
20.0,26.0,3323.0,1.8,0.0,2.4,1.0,31.0
21.0,26.0,6727.0,8.1,0.0,3.4,1.0,19.0
22.0,26.0,5851.0,10.5,3.6,2.9,2.0,52.0
23.0,26.0,17984.0,13.0,0.4,2.6,1.0,16.0
24.0,26.0,9186.0,16.2,0.0,1.1,1.0,35.0
25.0,26.0,9166.0,18.9,2.3,4.0,1.0,11.0
26.0,26.0,9186.0,12.5,0.4,5.5,1.0,28.0
27.0,26.0,15865.0,14.5,0.0,2.4,1.0,13.0
28.0,26.0,36883.0,3.5,3.4,7.0,1.0,24.0
29.0,26.0,23347.0,3.0,1.7,5.9,0.5,8.0
30.0,26.0,25143.0,7.4,2.5,4.0,3.0,86.0
31.0,26.0,17361.0,8.1,0.0,2.7,1.0,20.0
32.0,26.0,22224.0,9.7,0.0,2.6,1.0,40.0
33.0,26.0,44450.0,7.6,1.4,2.5,25.0,33.0
34.0,26.0,24245.0,7.4,2.3,1.1,7.0,29.0
35.0,26.0,9185.0,9.4,2.3,0.4,1.0,41.0
36.0,26.0,9334.0,15.3,0.0,0.0,1.0,12.0
37.0,26.0,5012.0,6.6,0.0,1.2,1.0,49.0
38.0,26.0,4247.0,6.6,0.0,0.0,1.0,37.0
39.0,26.0,1162.0,6.3,2.6,0.0,0.5,2.0
40.0,26.0,4903.0,1.7,0.0,0.0,0.0,1.0
41.0,26.0,2881.0,3.8,0.0,0.0,0.5,4.0
42.0,26.0,2759.0,1.1,0.0,0.0,0.0,0.0
43.0,26.0,239.0,0.0,0.0,0.0,0.0,0.0
44.0,26.0,79.0,0.0,0.0,0.0,0.0,0.0
45.0,26.0,104.0,0.0,0.0,0.0,0.0,1.0
46.0,26.0,104.0,0.0,0.0,0.0,0.0,0.0
47.0,26.0,36.0,0.0,1.3,0.0,0.0,0.0
48.0,26.0,146.0,0.0,0.8,0.0,0.0,0.0
49.0,26.0,79.0,0.0,0.0,0.0,0.0,0.0
50.0,26.0,35.0,0.0,0.0,0.0,0.0,0.0
1.0,27.0,299.0,0.8,0.0,0.0,0.0,0.0
2.0,27.0,112.0,0.0,0.0,0.0,0.0,1.0
3.0,27.0,210.0,0.0,0.0,0.0,0.0,0.0
4.0,27.0,146.0,0.0,0.0,0.0,0.0,0.0
5.0,27.0,164.0,0.0,0.0,0.0,0.0,0.0
6.0,27.0,238.0,0.5,0.0,0.0,0.0,0.0
7.0,27.0,323.0,0.2,1.2,0.0,0.0,0.0
8.0,27.0,5547.0,0.0,0.0,0.0,0.0,0.0
9.0,27.0,450.0,0.0,0.0,0.0,0.0,0.0
10.0,27.0,334.0,0.0,0.0,0.0,0.0,0.0
11.0,27.0,101.0,0.0,0.0,0.0,0.0,0.0
12.0,27.0,94.0,0.9,0.0,0.0,0.0,0.0
13.0,27.0,383.0,0.5,0.0,0.0,0.0,0.0
14.0,27.0,86.0,1.0,0.0,0.4,0.0,6.0
15.0,27.0,275.0,0.2,0.0,1.4,0.5,9.0
16.0,27.0,176.0,1.1,0.0,0.0,0.5,1.0
17.0,27.0,321.0,3.0,0.0,0.0,0.5,0.0
18.0,27.0,453.0,1.7,0.0,0.0,0.0,2.0
19.0,27.0,351.0,0.6,2.4,0.0,0.5,4.0
20.0,27.0,3434.0,0.9,0.0,0.0,0.5,7.0
21.0,27.0,7007.0,1.1,0.0,0.0,0.5,1.0
22.0,27.0,7475.0,9.0,0.0,0.0,0.5,13.0
23.0,27.0,16369.0,14.1,2.3,2.1,1.0,15.0
24.0,27.0,9186.0,11.9,0.0,4.6,1.0,47.0
25.0,27.0,9977.0,6.7,0.0,2.3,1.0,24.0
26.0,27.0,9729.0,14.2,2.7,1.2,1.0,26.0
27.0,27.0,9185.0,18.5,2.2,2.8,1.0,30.0
28.0,27.0,48815.0,7.3,2.2,1.7,1.0,23.0
29.0,27.0,11679.0,3.3,5.9,2.3,1.0,41.0
30.0,27.0,21879.0,2.3,2.1,2.5,0.5,4.0
31.0,27.0,22589.0,4.5,1.2,0.0,0.5,5.0
32.0,27.0,25227.0,5.3,0.0,0.1,0.5,2.0
33.0,27.0,37842.0,8.0,0.0,0.0,0.5,10.0
34.0,27.0,25143.0,7.9,0.5,0.0,1.0,20.0
35.0,27.0,9094.0,6.0,3.6,0.1,1.0,30.0
36.0,27.0,5279.0,13.1,0.0,0.1,1.0,21.0
37.0,27.0,3432.0,12.7,0.0,1.3,1.0,31.0
38.0,27.0,3952.0,6.5,0.0,0.0,1.0,33.0
39.0,27.0,355.0,7.9,2.3,0.0,0.5,2.0
40.0,27.0,2574.0,1.5,0.0,0.6,0.0,2.0
41.0,27.0,1050.0,2.5,0.0,0.0,0.5,3.0
42.0,27.0,104.0,0.1,0.0,0.0,0.0,0.0
43.0,27.0,231.0,0.0,0.0,0.0,0.0,2.0
44.0,27.0,104.0,0.0,0.0,0.0,0.0,0.0
45.0,27.0,104.0,0.0,0.0,0.0,0.0,0.0
46.0,27.0,103.0,0.0,0.0,0.0,0.0,1.0
47.0,27.0,104.0,0.0,0.0,0.0,0.0,0.0
48.0,27.0,954.0,0.0,0.8,0.0,0.0,0.0
49.0,27.0,118.0,0.0,0.8,0.0,0.0,0.0
50.0,27.0,118.0,0.0,0.0,0.0,0.0,0.0
1.0,28.0,491.0,1.1,0.0,0.0,0.0,0.0
2.0,28.0,314.0,0.0,0.0,0.0,0.0,0.0
3.0,28.0,329.0,0.0,0.0,0.0,0.0,0.0
4.0,28.0,231.0,0.0,0.0,0.0,0.0,0.0
5.0,28.0,168.0,0.7,0.0,0.0,0.0,0.0
6.0,28.0,407.0,0.9,0.0,0.0,0.0,0.0
7.0,28.0,321.0,0.0,1.1,0.0,0.0,0.0
8.0,28.0,842.0,0.0,0.0,0.0,0.0,0.0
9.0,28.0,408.0,0.0,0.0,0.0,0.0,0.0
10.0,28.0,487.0,0.0,0.0,0.0,0.0,0.0
11.0,28.0,286.0,1.2,0.0,0.0,0.0,0.0
12.0,28.0,505.0,0.7,0.0,0.0,0.0,0.0
13.0,28.0,1101.0,0.0,0.0,0.0,0.0,1.0
14.0,28.0,992.0,0.0,0.0,0.0,0.0,3.0
15.0,28.0,7841.0,0.7,0.0,0.0,0.0,7.0
16.0,28.0,533.0,0.0,0.0,0.0,0.0,0.0
17.0,28.0,264.0,0.6,0.0,0.0,0.0,1.0
18.0,28.0,384.0,0.8,0.0,0.0,0.0,1.0
19.0,28.0,213.0,0.0,1.7,0.0,0.0,0.0
20.0,28.0,1414.0,1.2,0.7,0.0,0.5,0.0
21.0,28.0,10515.0,5.5,0.0,2.3,1.0,40.0
22.0,28.0,12626.0,5.8,0.0,5.0,2.0,67.0
23.0,28.0,30355.0,8.4,2.3,1.9,1.0,44.0
24.0,28.0,23099.0,9.1,0.0,0.9,1.0,35.0
25.0,28.0,31311.0,7.7,0.0,2.8,1.0,27.0
26.0,28.0,41171.0,9.1,0.0,3.8,1.0,36.0
27.0,28.0,53958.0,14.1,0.0,0.1,1.0,20.0
28.0,28.0,75027.0,17.7,0.0,0.0,1.0,25.0
29.0,28.0,47621.0,5.4,0.2,0.6,0.5,3.0
30.0,28.0,25793.0,1.5,2.5,1.5,0.5,13.0
31.0,28.0,28426.0,3.7,2.5,0.0,0.5,4.0
32.0,28.0,42882.0,1.3,0.6,1.7,0.5,10.0
33.0,28.0,39707.0,12.3,0.0,2.0,1.0,9.0
34.0,28.0,19118.0,11.5,0.0,0.0,1.0,6.0
35.0,28.0,18372.0,10.1,1.1,1.3,5.0,82.0
36.0,28.0,21116.0,6.2,3.0,1.9,5.0,79.0
37.0,28.0,17967.0,10.6,1.5,0.0,1.0,23.0
38.0,28.0,7296.0,8.1,0.0,0.0,2.0,60.0
39.0,28.0,1206.0,4.7,2.3,0.0,0.5,3.0
40.0,28.0,762.0,0.5,0.0,0.0,0.0,0.0
41.0,28.0,382.0,0.7,0.0,0.0,0.0,0.0
42.0,28.0,209.0,0.0,0.0,0.0,0.0,0.0
43.0,28.0,461.0,0.0,0.0,0.0,0.0,0.0
44.0,28.0,173.0,0.0,0.0,0.0,0.0,0.0
45.0,28.0,139.0,0.0,0.0,0.0,0.0,0.0
46.0,28.0,1756.0,0.0,0.3,0.0,0.5,0.0
47.0,28.0,2736.0,0.0,1.4,0.0,0.0,1.0
48.0,28.0,381.0,0.0,1.1,0.0,0.0,1.0
49.0,28.0,197.0,0.0,0.0,0.0,0.0,0.0
50.0,28.0,209.0,0.0,0.0,0.0,0.0,0.0
1.0,29.0,224.0,1.1,0.0,0.0,0.0,0.0
2.0,29.0,44.0,0.0,0.0,0.0,0.0,0.0
3.0,29.0,457.0,0.0,0.0,0.0,0.0,0.0
4.0,29.0,114.0,0.0,0.0,0.0,0.0,0.0
5.0,29.0,143.0,0.5,0.0,0.0,0.0,0.0
6.0,29.0,111.0,0.0,0.0,0.0,0.0,0.0
7.0,29.0,249.0,0.0,1.1,0.0,0.0,0.0
8.0,29.0,298.0,0.0,0.0,0.0,0.0,0.0
9.0,29.0,90.0,0.0,0.0,0.0,0.0,0.0
10.0,29.0,224.0,0.2,0.0,0.0,0.0,0.0
11.0,29.0,206.0,1.5,0.0,0.0,0.0,0.0
12.0,29.0,206.0,1.2,0.0,0.1,0.0,0.0
13.0,29.0,628.0,0.7,0.0,0.0,0.5,1.0
14.0,29.0,356.0,0.0,0.0,0.0,0.0,0.0
15.0,29.0,445.0,0.1,0.0,0.0,0.0,1.0
16.0,29.0,262.0,0.8,0.0,0.0,0.0,0.0
17.0,29.0,131.0,0.0,0.0,0.0,0.0,0.0
18.0,29.0,232.0,1.6,0.0,0.0,0.5,0.0
19.0,29.0,154.0,1.6,0.0,0.0,0.5,6.0
20.0,29.0,92.0,1.2,2.4,1.7,1.0,42.0
21.0,29.0,340.0,2.5,0.0,0.1,0.5,3.0
22.0,29.0,2382.0,4.0,0.0,0.8,0.5,4.0
23.0,29.0,12360.0,8.2,2.3,0.0,1.0,12.0
24.0,29.0,9718.0,7.8,0.0,0.0,1.0,25.0
25.0,29.0,4420.0,7.4,0.0,1.4,1.0,35.0
26.0,29.0,17358.0,7.8,0.0,0.2,1.0,24.0
27.0,29.0,16444.0,10.4,0.0,0.0,1.0,40.0
28.0,29.0,23847.0,9.8,0.0,0.0,0.5,14.0
29.0,29.0,21072.0,7.4,1.1,1.2,1.0,28.0
30.0,29.0,15260.0,5.8,2.7,0.0,2.0,55.0
31.0,29.0,2639.0,1.6,0.0,0.0,0.0,3.0
32.0,29.0,5927.0,5.2,1.7,0.4,1.0,25.0
33.0,29.0,8683.0,17.2,2.8,0.3,1.0,49.0
34.0,29.0,5441.0,17.6,0.5,2.0,1.0,15.0
35.0,29.0,6471.0,7.1,0.0,2.3,0.5,7.0
36.0,29.0,9187.0,4.1,0.9,0.6,1.0,25.0
37.0,29.0,9557.0,6.6,0.5,0.0,4.0,21.0
38.0,29.0,9182.0,2.7,1.2,0.0,0.5,6.0
39.0,29.0,621.0,2.8,3.4,0.0,0.5,14.0
40.0,29.0,556.0,1.2,0.0,0.0,0.5,4.0
41.0,29.0,413.0,0.0,0.0,0.0,0.0,0.0
42.0,29.0,238.0,0.0,0.0,0.0,0.0,0.0
43.0,29.0,264.0,0.0,0.0,0.0,0.0,0.0
44.0,29.0,70.0,0.0,0.0,0.0,0.0,0.0
45.0,29.0,78.0,0.0,0.0,0.0,0.0,0.0
46.0,29.0,118.0,0.0,1.2,0.0,0.0,4.0
47.0,29.0,104.0,0.0,0.0,0.0,0.0,0.0
48.0,29.0,139.0,0.0,0.0,0.0,0.0,0.0
49.0,29.0,917.0,0.0,0.0,0.0,0.5,0.0
50.0,29.0,93.0,0.0,0.0,0.0,0.0,0.0
1.0,30.0,224.0,1.1,0.0,0.0,0.0,1.0
2.0,30.0,33.0,0.0,0.0,0.0,0.0,0.0
3.0,30.0,282.0,0.0,0.0,0.0,0.0,0.0
4.0,30.0,143.0,0.0,0.0,0.0,0.0,0.0
5.0,30.0,36.0,0.0,0.0,0.0,0.0,0.0
6.0,30.0,67.0,0.0,0.0,0.0,0.0,0.0
7.0,30.0,36.0,0.0,1.1,0.0,0.0,0.0
8.0,30.0,164.0,0.0,0.0,0.0,0.0,0.0
9.0,30.0,206.0,0.0,0.0,0.0,0.0,0.0
10.0,30.0,224.0,1.4,0.0,0.0,0.0,0.0
11.0,30.0,33.0,0.0,0.0,0.0,0.0,0.0
12.0,30.0,296.0,0.0,0.0,0.0,0.0,0.0
13.0,30.0,487.0,0.7,0.0,0.0,0.0,0.0
14.0,30.0,281.0,1.1,0.0,0.0,0.0,0.0
15.0,30.0,377.0,1.1,0.0,0.0,0.5,0.0
16.0,30.0,232.0,1.0,0.0,0.0,0.0,2.0
17.0,30.0,101.0,1.2,0.0,0.0,0.0,0.0
18.0,30.0,5189.0,0.4,0.0,0.0,0.5,0.0
19.0,30.0,767.0,1.3,0.0,0.0,0.5,3.0
20.0,30.0,134.0,0.0,2.4,0.0,0.5,3.0
21.0,30.0,134.0,0.0,0.0,0.0,0.0,0.0
22.0,30.0,120.0,1.8,0.0,0.0,0.0,0.0
23.0,30.0,7711.0,3.6,0.7,0.0,0.5,5.0
24.0,30.0,12931.0,6.2,1.7,1.5,1.0,36.0
25.0,30.0,6104.0,7.4,0.0,0.1,1.0,39.0
26.0,30.0,14389.0,6.0,0.0,0.0,1.0,21.0
27.0,30.0,8222.0,5.8,0.0,0.0,3.0,15.0
28.0,30.0,28581.0,2.9,0.0,0.2,0.5,4.0
29.0,30.0,23706.0,5.5,2.5,1.5,1.0,25.0
30.0,30.0,19185.0,5.7,0.6,0.0,1.0,23.0
31.0,30.0,39285.0,2.1,0.0,0.0,0.5,2.0
32.0,30.0,17277.0,1.1,0.0,0.0,0.5,1.0
33.0,30.0,5340.0,3.2,2.2,0.0,0.5,9.0
34.0,30.0,645.0,1.9,0.1,0.0,0.5,0.0
35.0,30.0,519.0,1.1,0.0,1.4,0.5,0.0
36.0,30.0,2471.0,3.0,0.0,1.6,1.0,23.0
37.0,30.0,3165.0,3.5,1.3,0.9,7.0,21.0
38.0,30.0,15974.0,6.3,0.0,0.0,6.0,17.0
39.0,30.0,569.0,2.4,2.5,0.0,0.5,9.0
40.0,30.0,669.0,0.6,1.3,0.0,0.0,2.0
41.0,30.0,8228.0,0.0,0.5,0.0,0.0,5.0
42.0,30.0,397.0,0.0,0.0,0.0,0.0,0.0
43.0,30.0,1563.0,0.0,0.0,0.0,0.0,4.0
44.0,30.0,222.0,0.0,0.0,0.0,0.0,0.0
45.0,30.0,67.0,0.0,1.0,0.0,0.5,5.0
46.0,30.0,201.0,0.0,0.5,0.0,0.5,0.0
47.0,30.0,79.0,0.0,0.0,0.0,0.0,0.0
48.0,30.0,139.0,0.0,0.0,0.0,0.0,0.0
49.0,30.0,104.0,0.0,0.0,0.0,0.0,0.0
50.0,30.0,104.0,0.0,0.0,0.0,0.0,0.0
1.0,31.0,303.0,1.1,0.0,0.0,0.0,1.0
2.0,31.0,812.0,0.0,0.0,0.0,0.0,0.0
3.0,31.0,168.0,0.0,0.0,0.0,0.0,0.0
4.0,31.0,111.0,0.0,0.0,0.0,0.0,0.0
5.0,31.0,127.0,0.0,0.0,0.0,0.0,0.0
6.0,31.0,35.0,0.0,0.0,0.0,0.0,0.0
7.0,31.0,81.0,0.0,1.1,0.0,0.0,0.0
8.0,31.0,133.0,0.0,0.0,0.0,0.0,0.0
9.0,31.0,224.0,0.9,0.0,0.0,0.0,0.0
10.0,31.0,112.0,0.4,0.0,0.0,0.0,0.0
11.0,31.0,149.0,0.0,0.0,0.0,0.0,0.0
12.0,31.0,83.0,0.0,0.0,0.0,0.0,1.0
13.0,31.0,223.0,0.0,0.0,0.0,0.0,0.0
14.0,31.0,110.0,0.0,0.0,0.0,0.0,0.0
15.0,31.0,382.0,0.0,0.0,0.0,0.0,0.0
16.0,31.0,299.0,0.0,0.0,0.0,0.0,0.0
17.0,31.0,76.0,0.4,0.0,0.0,0.5,5.0
18.0,31.0,18914.0,1.3,0.0,0.0,1.0,24.0
19.0,31.0,3407.0,0.3,0.0,0.0,0.5,17.0
20.0,31.0,81.0,0.1,1.0,0.0,0.5,0.0
21.0,31.0,45.0,0.4,1.4,0.0,0.5,0.0
22.0,31.0,271.0,0.4,0.0,0.0,0.0,0.0
23.0,31.0,1293.0,2.0,0.0,1.8,1.0,18.0
24.0,31.0,5801.0,5.3,2.3,0.1,1.0,25.0
25.0,31.0,872.0,5.8,0.0,0.0,0.5,13.0
26.0,31.0,6291.0,5.1,0.0,0.0,0.5,3.0
27.0,31.0,6961.0,7.0,0.0,1.1,3.0,6.0
28.0,31.0,30401.0,6.2,0.0,1.2,1.0,24.0
29.0,31.0,52804.0,3.8,3.0,0.5,1.0,44.0
30.0,31.0,44004.0,5.1,3.9,1.0,4.0,130.0
31.0,31.0,43685.0,8.5,0.9,0.0,1.0,46.0
32.0,31.0,40979.0,4.6,0.0,0.0,0.5,2.0
33.0,31.0,2334.0,2.1,0.8,0.0,0.5,11.0
34.0,31.0,8022.0,3.7,1.5,0.0,0.5,17.0
35.0,31.0,202.0,2.1,0.0,0.0,0.0,0.0
36.0,31.0,16661.0,2.2,0.0,0.0,0.5,7.0
37.0,31.0,1298.0,3.1,0.5,0.0,1.0,29.0
38.0,31.0,14555.0,2.9,1.5,0.0,3.0,15.0
39.0,31.0,644.0,2.5,2.2,0.0,0.5,12.0
40.0,31.0,576.0,0.0,0.0,0.0,0.0,0.0
41.0,31.0,562.0,0.0,0.7,0.0,0.0,4.0
42.0,31.0,592.0,0.0,1.1,0.0,0.0,2.0
43.0,31.0,2022.0,0.0,1.0,0.0,0.0,3.0
44.0,31.0,809.0,0.0,1.6,0.0,0.0,0.0
45.0,31.0,8806.0,0.0,0.9,0.0,0.5,1.0
46.0,31.0,76.0,0.0,0.0,0.0,0.0,0.0
47.0,31.0,69.0,0.0,0.0,0.0,0.0,0.0
48.0,31.0,265.0,0.0,0.0,0.0,0.0,0.0
49.0,31.0,161.0,0.0,0.0,0.0,0.0,0.0
50.0,31.0,104.0,0.0,0.0,0.0,0.0,0.0
1.0,32.0,62.0,1.1,0.0,0.0,0.0,0.0
2.0,32.0,36.0,0.0,0.0,0.0,0.0,0.0
3.0,32.0,136.0,0.0,0.0,0.0,0.0,0.0
4.0,32.0,48.0,0.0,0.0,0.0,0.0,0.0
5.0,32.0,45.0,0.0,0.0,0.0,0.0,0.0
6.0,32.0,94.0,0.0,0.0,0.0,0.0,0.0
7.0,32.0,219.0,0.0,1.1,0.0,0.0,0.0
8.0,32.0,136.0,0.0,0.0,0.0,0.0,0.0
9.0,32.0,120.0,0.0,0.0,0.0,0.0,0.0
10.0,32.0,150.0,0.4,0.0,0.0,0.0,0.0
11.0,32.0,143.0,0.0,0.0,0.0,0.0,0.0
12.0,32.0,150.0,0.0,0.0,0.0,0.0,1.0
13.0,32.0,1199.0,0.0,0.0,0.0,0.0,0.0
14.0,32.0,244.0,0.0,0.0,0.0,0.0,0.0
15.0,32.0,445.0,0.0,0.0,0.0,0.0,0.0
16.0,32.0,299.0,0.0,0.0,0.0,0.0,0.0
17.0,32.0,393.0,1.5,0.0,0.0,0.5,5.0
18.0,32.0,8206.0,1.2,0.0,0.0,0.5,1.0
19.0,32.0,31.0,0.0,0.0,0.0,0.0,6.0
20.0,32.0,95.0,0.0,0.0,0.0,0.0,0.0
21.0,32.0,270.0,0.0,2.5,0.2,0.5,4.0
22.0,32.0,735.0,0.3,0.0,1.4,1.0,18.0
23.0,32.0,1282.0,1.8,0.0,0.1,0.5,15.0
24.0,32.0,382.0,2.6,2.3,0.0,1.0,22.0
25.0,32.0,235.0,6.2,0.0,0.0,0.5,12.0
26.0,32.0,2306.0,5.7,0.0,0.0,0.5,15.0
27.0,32.0,6852.0,8.9,0.0,0.2,1.0,29.0
28.0,32.0,98921.0,5.7,0.0,1.1,1.0,48.0
29.0,32.0,52585.0,6.6,3.2,0.3,2.0,79.0
30.0,32.0,35988.0,4.3,0.0,0.0,0.5,4.0
31.0,32.0,54455.0,5.3,1.9,0.0,1.0,20.0
32.0,32.0,38134.0,2.5,3.2,0.2,0.5,14.0
33.0,32.0,2210.0,2.4,2.1,0.0,1.0,32.0
34.0,32.0,633.0,1.9,4.4,0.0,0.5,12.0
35.0,32.0,161.0,0.5,2.1,0.0,0.5,5.0
36.0,32.0,590.0,0.9,2.1,0.9,0.5,2.0
37.0,32.0,970.0,1.3,2.1,0.6,1.0,21.0
38.0,32.0,2151.0,0.0,3.1,0.0,1.0,22.0
39.0,32.0,1033.0,0.6,0.0,0.0,0.0,0.0
40.0,32.0,918.0,1.1,0.0,0.0,0.0,0.0
41.0,32.0,839.0,1.0,0.0,0.0,0.0,0.0
42.0,32.0,765.0,1.0,0.0,0.0,0.0,0.0
43.0,32.0,15428.0,1.0,0.0,0.0,0.5,0.0
44.0,32.0,950.0,0.1,0.5,0.0,0.0,0.0
45.0,32.0,874.0,0.0,1.0,0.0,0.0,1.0
46.0,32.0,254.0,0.0,0.0,0.0,0.0,0.0
47.0,32.0,127.0,0.0,0.0,0.0,0.0,0.0
48.0,32.0,910.0,0.0,0.0,0.0,0.0,0.0
49.0,32.0,104.0,0.0,0.0,0.0,0.0,0.0
50.0,32.0,104.0,0.0,0.0,0.0,0.0,0.0
1.0,33.0,287.0,1.1,0.0,0.0,0.0,0.0
2.0,33.0,318.0,0.0,0.0,0.0,0.0,0.0
3.0,33.0,578.0,0.0,0.0,0.0,0.0,0.0
4.0,33.0,445.0,0.2,0.0,0.0,0.0,0.0
5.0,33.0,255.0,0.6,0.0,0.0,0.0,0.0
6.0,33.0,265.0,0.0,0.0,0.0,0.0,0.0
7.0,33.0,314.0,0.0,0.4,0.0,0.0,0.0
8.0,33.0,6708.0,0.3,0.8,0.0,0.0,3.0
9.0,33.0,487.0,0.0,0.0,0.0,0.0,0.0
10.0,33.0,119.0,0.0,0.0,0.0,0.0,0.0
11.0,33.0,86.0,0.0,0.0,0.0,0.0,0.0
12.0,33.0,136.0,0.0,0.0,0.0,0.0,0.0
13.0,33.0,381.0,0.0,0.0,0.0,0.0,0.0
14.0,33.0,566.0,0.0,0.0,0.0,0.0,0.0
15.0,33.0,1018.0,0.0,0.0,1.1,0.0,0.0
16.0,33.0,824.0,1.3,0.0,0.0,0.5,0.0
17.0,33.0,788.0,0.2,0.0,0.0,0.0,0.0
18.0,33.0,903.0,1.1,0.0,0.0,0.5,3.0
19.0,33.0,108.0,0.0,0.0,0.0,0.0,0.0
20.0,33.0,645.0,0.0,0.0,0.3,0.5,3.0
21.0,33.0,603.0,0.0,0.9,1.4,0.5,11.0
22.0,33.0,5367.0,0.0,2.6,0.0,0.5,2.0
23.0,33.0,815.0,0.1,0.1,0.0,0.0,0.0
24.0,33.0,273.0,1.5,1.8,0.0,0.5,11.0
25.0,33.0,2611.0,8.4,0.7,0.4,0.5,17.0
26.0,33.0,209.0,1.2,0.0,0.0,0.5,2.0
27.0,33.0,3603.0,5.6,0.0,0.0,0.5,11.0
28.0,33.0,70991.0,8.0,0.0,0.0,0.5,7.0
29.0,33.0,60103.0,2.5,2.6,0.2,1.0,25.0
30.0,33.0,15640.0,2.0,2.3,1.1,0.5,2.0
31.0,33.0,11980.0,1.2,2.3,1.1,0.5,4.0
32.0,33.0,3210.0,0.3,1.7,0.2,0.5,2.0
33.0,33.0,3725.0,2.3,2.2,0.0,0.5,6.0
34.0,33.0,2026.0,3.0,2.2,0.0,0.5,2.0
35.0,33.0,384.0,1.9,0.0,0.0,0.0,0.0
36.0,33.0,831.0,2.9,0.0,0.0,0.0,1.0
37.0,33.0,917.0,2.1,0.0,0.0,0.0,0.0
38.0,33.0,3146.0,2.8,1.2,0.0,0.0,1.0
39.0,33.0,19262.0,0.5,0.9,0.0,0.5,6.0
40.0,33.0,948.0,0.0,0.0,0.0,0.0,0.0
41.0,33.0,1996.0,0.0,0.0,0.0,0.0,0.0
42.0,33.0,399.0,0.0,0.0,0.0,0.0,1.0
43.0,33.0,1140.0,0.0,0.0,0.0,0.0,0.0
44.0,33.0,1069.0,0.0,0.0,0.0,0.0,0.0
45.0,33.0,1351.0,0.0,0.6,0.0,0.0,0.0
46.0,33.0,8808.0,0.4,1.1,0.0,0.0,3.0
47.0,33.0,1084.0,0.0,0.0,0.0,0.0,0.0
48.0,33.0,499.0,1.2,0.0,0.0,0.0,0.0
49.0,33.0,63.0,0.0,0.0,0.0,0.0,0.0
50.0,33.0,209.0,0.0,0.0,0.0,0.0,0.0
1.0,34.0,120.0,1.5,0.0,0.0,0.0,2.0
2.0,34.0,224.0,1.0,0.0,0.0,0.0,0.0
3.0,34.0,326.0,1.1,0.0,0.0,0.0,0.0
4.0,34.0,112.0,0.8,0.0,0.0,0.0,0.0
5.0,34.0,36.0,0.5,0.0,0.0,0.0,0.0
6.0,34.0,33.0,1.0,0.0,0.0,0.0,0.0
7.0,34.0,120.0,1.0,0.0,0.0,0.0,0.0
8.0,34.0,583.0,1.2,1.2,0.0,0.5,16.0
9.0,34.0,112.0,0.0,0.0,0.0,0.0,0.0
10.0,34.0,0.0,0.0,0.0,0.0,0.0,0.0
11.0,34.0,0.0,0.0,0.0,0.0,0.0,2.0
12.0,34.0,14.0,0.0,0.0,0.0,0.0,0.0
13.0,34.0,165.0,0.0,0.0,0.0,0.0,3.0
14.0,34.0,299.0,0.0,0.0,0.0,0.0,0.0
15.0,34.0,460.0,0.9,0.0,1.1,0.5,6.0
16.0,34.0,317.0,0.2,0.0,0.0,0.5,1.0
17.0,34.0,317.0,0.0,0.0,0.0,0.0,0.0
18.0,34.0,572.0,1.1,0.0,0.0,0.5,0.0
19.0,34.0,93.0,0.0,0.0,0.0,0.0,1.0
20.0,34.0,408.0,0.0,0.0,0.0,0.0,0.0
21.0,34.0,270.0,0.0,0.0,0.0,0.0,0.0
22.0,34.0,60.0,0.0,0.0,0.0,0.0,3.0
23.0,34.0,370.0,0.0,2.4,0.0,0.5,8.0
24.0,34.0,35.0,0.0,2.2,0.0,0.5,15.0
25.0,34.0,312.0,6.8,5.8,0.4,1.0,21.0
26.0,34.0,381.0,2.9,2.4,0.0,0.5,2.0
27.0,34.0,504.0,1.3,2.1,0.0,0.5,2.0
28.0,34.0,4500.0,0.6,2.1,0.0,0.5,3.0
29.0,34.0,18545.0,1.1,4.2,0.0,0.5,16.0
30.0,34.0,885.0,0.2,0.0,0.0,0.0,0.0
31.0,34.0,110.0,1.1,0.0,0.0,0.0,0.0
32.0,34.0,503.0,1.1,0.0,0.0,0.0,0.0
33.0,34.0,2003.0,0.0,0.5,0.9,0.0,0.0
34.0,34.0,1012.0,1.3,3.1,0.0,0.5,13.0
35.0,34.0,163.0,1.7,0.0,0.0,0.0,0.0
36.0,34.0,301.0,1.0,0.0,0.0,0.0,0.0
37.0,34.0,340.0,0.0,0.0,0.0,0.0,0.0
38.0,34.0,1350.0,0.0,0.0,0.0,0.0,0.0
39.0,34.0,674.0,0.0,1.3,0.0,0.0,2.0
40.0,34.0,1028.0,0.0,0.0,0.0,0.0,0.0
41.0,34.0,556.0,0.0,0.0,0.0,0.0,0.0
42.0,34.0,317.0,0.0,0.0,0.0,0.0,0.0
43.0,34.0,600.0,0.0,0.0,0.0,0.0,0.0
44.0,34.0,317.0,0.0,0.0,0.0,0.0,0.0
45.0,34.0,494.0,0.0,0.0,0.0,0.0,0.0
46.0,34.0,553.0,1.9,0.2,0.0,0.5,0.0
47.0,34.0,977.0,1.0,1.3,0.0,0.5,2.0
48.0,34.0,1629.0,0.7,0.4,0.0,0.0,0.0
49.0,34.0,82.0,0.0,0.0,0.0,0.0,0.0
50.0,34.0,111.0,0.7,0.0,0.0,0.0,0.0
1.0,35.0,206.0,0.0,0.0,0.0,0.0,0.0
2.0,35.0,224.0,0.0,0.0,0.0,0.0,0.0
3.0,35.0,120.0,0.0,0.0,0.0,0.0,0.0
4.0,35.0,112.0,0.0,0.0,0.0,0.0,0.0
5.0,35.0,36.0,0.0,0.0,0.0,0.0,0.0
6.0,35.0,112.0,0.0,0.0,0.0,0.0,0.0
7.0,35.0,206.0,0.0,0.0,0.0,0.0,0.0
8.0,35.0,615.0,0.0,1.1,0.0,0.0,3.0
9.0,35.0,262.0,0.0,0.0,0.0,0.0,0.0
10.0,35.0,74.0,0.0,0.0,0.0,0.0,0.0
11.0,35.0,76.0,0.0,0.0,0.0,0.0,0.0
12.0,35.0,36.0,0.0,0.0,0.0,0.0,0.0
13.0,35.0,314.0,0.0,0.0,0.3,0.0,1.0
14.0,35.0,344.0,0.0,0.0,1.0,0.5,0.0
15.0,35.0,413.0,0.0,0.0,2.2,1.0,18.0
16.0,35.0,275.0,0.0,0.0,0.0,0.5,1.0
17.0,35.0,296.0,0.5,0.0,1.0,0.0,2.0
18.0,35.0,877.0,1.2,0.0,0.0,0.5,2.0
19.0,35.0,509.0,0.2,0.0,1.1,0.0,3.0
20.0,35.0,270.0,1.8,0.0,0.0,0.5,3.0
21.0,35.0,222.0,1.0,0.0,0.0,0.0,0.0
22.0,35.0,160.0,0.5,0.0,0.0,0.0,0.0
23.0,35.0,329.0,2.1,0.0,0.0,0.5,2.0
24.0,35.0,160.0,1.6,0.0,0.0,0.0,2.0
25.0,35.0,291.0,4.5,2.6,0.0,0.5,9.0
26.0,35.0,4406.0,0.9,0.0,0.0,0.5,3.0
27.0,35.0,398.0,0.0,0.0,0.0,0.0,0.0
28.0,35.0,1655.0,0.3,0.0,0.0,0.0,0.0
29.0,35.0,2303.0,1.2,2.2,0.0,0.5,0.0
30.0,35.0,851.0,0.9,0.0,0.0,0.5,2.0
31.0,35.0,552.0,0.0,0.0,0.0,0.0,10.0
32.0,35.0,1721.0,0.0,0.0,0.0,0.0,1.0
33.0,35.0,1003.0,0.0,0.0,0.4,0.0,2.0
34.0,35.0,1904.0,1.1,2.2,0.0,0.5,10.0
35.0,35.0,590.0,1.4,0.0,0.0,0.5,1.0
36.0,35.0,212.0,0.7,0.0,0.0,0.0,0.0
37.0,35.0,42.0,0.0,0.0,0.0,0.0,0.0
38.0,35.0,6004.0,0.1,0.0,0.0,0.0,2.0
39.0,35.0,835.0,3.7,0.3,0.0,0.5,1.0
40.0,35.0,953.0,0.8,1.0,0.0,1.0,3.0
41.0,35.0,636.0,0.0,0.0,0.0,1.0,0.0
42.0,35.0,97.0,0.0,0.0,0.0,0.0,0.0
43.0,35.0,594.0,0.0,0.0,0.0,0.0,0.0
44.0,35.0,314.0,0.0,0.0,0.0,0.0,0.0
45.0,35.0,278.0,0.0,0.0,0.0,0.0,0.0
46.0,35.0,317.0,0.9,0.0,0.0,0.0,0.0
47.0,35.0,477.0,0.3,0.0,0.0,0.0,1.0
48.0,35.0,741.0,0.0,0.8,0.0,0.0,0.0
49.0,35.0,674.0,0.6,1.1,0.0,0.0,1.0
50.0,35.0,556.0,1.0,0.0,0.0,0.0,2.0
1.0,36.0,112.0,0.0,0.0,0.0,0.0,1.0
2.0,36.0,2897.0,0.0,0.0,0.0,0.0,0.0
3.0,36.0,127.0,0.0,0.0,0.0,0.0,0.0
4.0,36.0,74.0,0.0,0.0,0.0,0.0,0.0
5.0,36.0,148.0,0.0,0.0,0.0,0.0,0.0
6.0,36.0,94.0,0.0,0.0,0.0,0.0,0.0
7.0,36.0,59.0,0.0,0.0,0.0,0.0,0.0
8.0,36.0,617.0,0.0,1.1,0.0,0.0,0.0
9.0,36.0,266.0,0.0,0.0,0.0,0.0,0.0
10.0,36.0,113.0,0.0,0.0,0.0,0.0,0.0
11.0,36.0,36.0,0.0,0.0,0.0,0.0,0.0
12.0,36.0,127.0,0.0,0.0,0.0,0.0,0.0
13.0,36.0,314.0,0.0,0.0,0.7,0.0,0.0
14.0,36.0,358.0,0.0,0.0,0.0,0.5,0.0
15.0,36.0,412.0,0.0,0.0,0.0,0.5,1.0
16.0,36.0,299.0,0.0,0.0,0.0,0.0,0.0
17.0,36.0,375.0,1.2,0.0,0.0,0.0,1.0
18.0,36.0,6623.0,0.1,0.0,0.0,0.5,5.0
19.0,36.0,338.0,0.0,0.0,0.0,0.0,0.0
20.0,36.0,233.0,0.0,0.0,0.0,0.0,1.0
21.0,36.0,31.0,0.8,0.0,0.0,0.0,0.0
22.0,36.0,127.0,0.0,0.0,0.0,0.0,0.0
23.0,36.0,246.0,2.8,0.0,0.0,0.5,0.0
24.0,36.0,232.0,2.0,0.0,0.0,0.0,0.0
25.0,36.0,74.0,5.2,0.2,0.0,0.5,4.0
26.0,36.0,1784.0,1.3,2.8,0.0,1.0,27.0
27.0,36.0,317.0,0.6,0.0,0.0,0.0,0.0
28.0,36.0,1176.0,1.3,0.0,0.0,0.0,0.0
29.0,36.0,778.0,1.8,2.2,0.0,0.5,2.0
30.0,36.0,636.0,0.0,0.0,0.6,0.0,1.0
31.0,36.0,906.0,0.0,0.0,0.0,0.5,3.0
32.0,36.0,2300.0,0.0,0.0,0.0,0.0,0.0
33.0,36.0,874.0,0.0,0.0,0.0,0.0,0.0
34.0,36.0,657.0,2.7,2.2,0.0,0.5,11.0
35.0,36.0,607.0,2.3,0.0,0.0,0.5,14.0
36.0,36.0,380.0,4.2,0.0,0.0,0.5,9.0
37.0,36.0,303.0,4.3,1.0,0.0,1.0,20.0
38.0,36.0,279.0,2.2,0.1,0.0,0.0,0.0
39.0,36.0,474.0,6.2,0.0,0.0,0.5,2.0
40.0,36.0,676.0,0.7,0.9,0.0,0.0,0.0
41.0,36.0,874.0,0.0,0.4,0.0,0.0,0.0
42.0,36.0,556.0,0.0,0.0,0.0,0.0,0.0
43.0,36.0,476.0,0.0,0.0,0.0,0.0,0.0
44.0,36.0,198.0,0.0,0.0,0.0,0.0,0.0
45.0,36.0,198.0,0.0,0.0,0.0,0.0,0.0
46.0,36.0,70.0,0.6,0.0,0.0,0.0,0.0
47.0,36.0,198.0,1.3,0.0,0.0,0.0,0.0
48.0,36.0,635.0,1.1,0.0,0.0,0.0,0.0
49.0,36.0,676.0,0.9,0.1,0.0,0.0,0.0
50.0,36.0,431.0,0.0,1.3,0.0,0.0,4.0
1.0,37.0,36.0,0.0,0.0,0.0,0.0,0.0
2.0,37.0,853.0,0.0,0.0,0.0,0.0,0.0
3.0,37.0,138.0,0.0,0.0,0.0,0.0,0.0
4.0,37.0,22.0,0.0,0.0,0.0,0.0,0.0
5.0,37.0,73.0,0.0,0.0,0.0,0.0,0.0
6.0,37.0,32.0,0.0,0.0,0.0,0.0,0.0
7.0,37.0,62.0,0.2,0.0,0.0,0.0,0.0
8.0,37.0,872.0,0.7,1.1,0.0,0.5,0.0
9.0,37.0,233.0,0.0,0.0,0.0,0.0,0.0
10.0,37.0,187.0,0.0,0.0,0.0,0.0,0.0
11.0,37.0,75.0,0.0,0.0,0.0,0.0,0.0
12.0,37.0,112.0,0.0,0.0,0.0,0.0,0.0
13.0,37.0,329.0,0.0,0.0,0.0,0.0,0.0
14.0,37.0,375.0,0.0,0.0,0.0,0.0,1.0
15.0,37.0,413.0,0.0,0.0,1.2,0.5,1.0
16.0,37.0,394.0,0.7,0.0,0.0,0.5,5.0
17.0,37.0,430.0,0.5,0.0,0.0,0.5,0.0
18.0,37.0,712.0,0.0,0.0,0.0,0.0,0.0
19.0,37.0,224.0,1.3,0.0,0.0,0.0,0.0
20.0,37.0,90.0,0.0,0.0,0.0,0.0,0.0
21.0,37.0,89.0,1.0,0.0,0.0,0.0,0.0
22.0,37.0,142.0,1.7,0.0,0.0,0.5,0.0
23.0,37.0,223.0,4.3,0.0,0.0,0.5,0.0
24.0,37.0,86.0,6.4,0.0,0.0,1.0,20.0
25.0,37.0,121.0,3.0,0.0,0.0,0.5,0.0
26.0,37.0,303.0,1.9,1.0,0.0,0.5,2.0
27.0,37.0,427.0,1.0,2.4,0.0,0.5,1.0
28.0,37.0,13623.0,2.4,0.8,0.0,0.5,15.0
29.0,37.0,699.0,9.0,2.6,0.6,1.0,45.0
30.0,37.0,435.0,1.0,0.0,0.0,0.5,2.0
31.0,37.0,82.0,1.0,0.0,0.0,0.0,0.0
32.0,37.0,4379.0,0.2,0.0,0.0,0.5,5.0
33.0,37.0,635.0,1.4,0.0,0.0,0.0,0.0
34.0,37.0,438.0,1.9,2.2,0.4,1.0,39.0
35.0,37.0,365.0,0.5,0.0,1.0,0.5,4.0
36.0,37.0,303.0,6.3,0.0,1.0,0.5,10.0
37.0,37.0,303.0,2.1,0.1,0.0,0.5,0.0
38.0,37.0,337.0,4.0,0.0,0.0,0.5,10.0
39.0,37.0,338.0,5.9,0.0,0.0,0.5,17.0
40.0,37.0,109.0,4.6,0.0,0.0,0.5,2.0
41.0,37.0,809.0,0.7,1.3,0.0,0.0,1.0
42.0,37.0,517.0,0.0,0.0,0.0,0.0,0.0
43.0,37.0,397.0,0.0,0.0,0.0,0.0,0.0
44.0,37.0,159.0,0.0,0.0,0.0,0.0,0.0
45.0,37.0,222.0,0.9,0.0,0.0,0.5,1.0
46.0,37.0,238.0,1.4,0.0,0.0,0.0,1.0
47.0,37.0,2408.0,2.9,0.0,0.0,0.5,0.0
48.0,37.0,394.0,2.3,0.0,0.0,0.5,0.0
49.0,37.0,114.0,1.8,0.0,0.0,0.0,0.0
50.0,37.0,176.0,1.1,0.0,0.0,0.0,0.0
1.0,38.0,69.0,0.0,0.0,0.0,0.0,0.0
2.0,38.0,448.0,0.0,0.0,0.0,0.0,0.0
3.0,38.0,408.0,0.0,0.0,0.0,0.0,0.0
4.0,38.0,75.0,0.0,0.0,0.0,0.0,0.0
5.0,38.0,145.0,0.0,0.0,0.0,0.0,0.0
6.0,38.0,226.0,0.0,0.0,0.0,0.0,0.0
7.0,38.0,561.0,0.0,0.0,0.0,0.0,0.0
8.0,38.0,1486.0,0.0,1.1,0.0,0.0,0.0
9.0,38.0,119.0,0.0,0.0,0.0,0.0,0.0
10.0,38.0,97.0,0.0,0.0,0.0,0.0,0.0
11.0,38.0,66.0,0.0,0.0,0.0,0.0,0.0
12.0,38.0,2243.0,0.0,0.0,0.0,0.0,0.0
13.0,38.0,374.0,0.0,0.0,0.0,0.0,0.0
14.0,38.0,524.0,0.0,0.0,0.0,0.0,0.0
15.0,38.0,6398.0,0.9,0.0,0.1,0.0,6.0
16.0,38.0,1006.0,1.8,0.0,0.0,0.5,4.0
17.0,38.0,712.0,1.1,0.0,0.0,0.0,0.0
18.0,38.0,2917.0,1.1,0.0,0.0,0.0,0.0
19.0,38.0,190.0,2.2,0.0,0.0,0.0,0.0
20.0,38.0,221.0,1.1,0.0,0.0,0.0,0.0
21.0,38.0,221.0,1.5,0.0,0.0,0.0,0.0
22.0,38.0,606.0,4.2,0.0,0.0,0.5,0.0
23.0,38.0,2185.0,4.7,0.0,0.0,0.5,0.0
24.0,38.0,596.0,4.6,0.0,0.0,0.5,0.0
25.0,38.0,855.0,1.7,0.0,0.0,0.0,0.0
26.0,38.0,7840.0,2.8,0.0,0.0,0.5,2.0
27.0,38.0,1506.0,1.1,0.5,0.0,0.0,0.0
28.0,38.0,3351.0,1.3,7.1,0.0,1.0,34.0
29.0,38.0,2840.0,0.2,4.8,0.0,0.5,3.0
30.0,38.0,1271.0,0.0,0.3,0.0,0.0,0.0
31.0,38.0,635.0,0.0,0.0,0.0,0.0,0.0
32.0,38.0,2920.0,0.9,0.0,0.0,0.0,0.0
33.0,38.0,5312.0,3.7,0.0,0.0,1.0,19.0
34.0,38.0,583.0,6.0,2.7,0.3,2.0,71.0
35.0,38.0,583.0,3.9,0.0,0.0,0.5,11.0
36.0,38.0,503.0,0.0,0.0,0.0,0.0,1.0
37.0,38.0,377.0,0.0,0.0,0.0,0.0,0.0
38.0,38.0,884.0,1.2,0.0,0.0,0.0,1.0
39.0,38.0,335.0,0.0,0.0,0.0,0.0,1.0
40.0,38.0,4804.0,0.1,0.0,0.0,0.0,0.0
41.0,38.0,990.0,0.0,1.1,0.0,0.0,0.0
42.0,38.0,915.0,0.0,0.0,0.0,0.0,0.0
43.0,38.0,1258.0,0.0,0.0,0.0,0.0,0.0
44.0,38.0,538.0,0.0,0.0,1.1,0.0,0.0
45.0,38.0,6585.0,1.7,0.0,0.0,0.5,16.0
46.0,38.0,858.0,0.2,0.0,0.0,0.0,1.0
47.0,38.0,715.0,0.0,0.0,0.0,0.0,0.0
48.0,38.0,1311.0,1.2,0.0,0.0,0.0,0.0
49.0,38.0,832.0,2.5,0.0,0.0,0.5,0.0
50.0,38.0,1098.0,1.1,0.0,0.0,0.0,0.0
1.0,39.0,90.0,0.0,0.0,0.0,0.0,0.0
2.0,39.0,3260.0,0.0,0.0,0.0,0.0,0.0
3.0,39.0,374.0,0.0,0.0,0.0,0.0,0.0
4.0,39.0,71.0,0.0,0.0,0.0,0.0,0.0
5.0,39.0,131.0,0.0,0.0,0.0,0.0,0.0
6.0,39.0,36.0,0.0,0.0,0.0,0.0,0.0
7.0,39.0,299.0,0.0,0.0,0.0,0.0,0.0
8.0,39.0,617.0,0.0,1.2,0.0,0.0,1.0
9.0,39.0,206.0,0.0,0.0,0.0,0.0,0.0
10.0,39.0,148.0,0.0,0.0,0.0,0.0,0.0
11.0,39.0,148.0,0.0,0.0,0.0,0.0,0.0
12.0,39.0,32.0,0.0,0.0,0.0,0.0,0.0
13.0,39.0,221.0,0.0,0.0,0.0,0.0,0.0
14.0,39.0,224.0,0.0,0.0,0.0,0.0,0.0
15.0,39.0,338.0,0.0,0.0,0.0,0.0,1.0
16.0,39.0,413.0,0.0,0.0,0.0,0.5,0.0
17.0,39.0,413.0,0.0,0.0,0.0,0.0,0.0
18.0,39.0,456.0,0.8,0.0,0.0,0.0,0.0
19.0,39.0,101.0,0.5,0.0,0.0,0.0,0.0
20.0,39.0,131.0,0.0,0.0,0.0,0.0,0.0
21.0,39.0,131.0,0.9,0.0,0.0,0.0,1.0
22.0,39.0,90.0,0.6,0.0,0.0,0.0,0.0
23.0,39.0,179.0,0.9,0.0,0.0,0.0,0.0
24.0,39.0,556.0,0.0,0.0,0.0,0.0,0.0
25.0,39.0,683.0,1.3,0.0,0.0,0.5,0.0
26.0,39.0,3385.0,1.2,1.2,0.0,0.5,2.0
27.0,39.0,1065.0,1.5,2.2,0.0,0.5,2.0
28.0,39.0,1442.0,9.8,0.0,0.0,1.0,22.0
29.0,39.0,1439.0,0.0,0.0,1.1,0.0,0.0
30.0,39.0,584.0,0.0,2.1,0.0,0.5,8.0
31.0,39.0,355.0,0.0,2.4,0.0,0.5,2.0
32.0,39.0,4232.0,1.7,0.0,1.3,0.5,4.0
33.0,39.0,583.0,5.1,0.0,2.1,2.0,73.0
34.0,39.0,160.0,6.3,2.3,2.1,2.0,53.0
35.0,39.0,225.0,2.6,0.0,2.1,0.5,6.0
36.0,39.0,44.0,1.5,0.0,2.1,0.5,6.0
37.0,39.0,30.0,0.0,0.0,2.1,0.5,3.0
38.0,39.0,503.0,1.4,0.0,0.0,0.5,2.0
39.0,39.0,163.0,0.0,0.0,0.0,0.0,3.0
40.0,39.0,269.0,0.0,0.0,0.0,0.0,0.0
41.0,39.0,448.0,0.0,0.3,0.0,0.0,6.0
42.0,39.0,674.0,0.0,0.9,0.0,0.0,0.0
43.0,39.0,954.0,0.0,0.0,0.0,0.0,0.0
44.0,39.0,398.0,0.0,0.0,0.0,0.0,0.0
45.0,39.0,359.0,0.4,0.0,0.0,0.0,0.0
46.0,39.0,282.0,0.0,0.0,0.0,0.0,0.0
47.0,39.0,556.0,0.0,0.0,0.0,0.0,0.0
48.0,39.0,600.0,0.0,0.0,0.0,0.0,0.0
49.0,39.0,874.0,0.4,0.4,0.0,0.0,0.0
50.0,39.0,977.0,1.1,1.3,0.0,0.5,0.0
1.0,40.0,90.0,0.0,0.0,0.0,0.0,0.0
2.0,40.0,281.0,0.0,0.0,0.0,0.0,0.0
3.0,40.0,381.0,0.0,0.0,0.0,0.0,0.0
4.0,40.0,90.0,0.0,0.0,0.0,0.0,0.0
5.0,40.0,131.0,0.0,0.0,0.0,0.0,0.0
6.0,40.0,36.0,0.0,0.0,0.0,0.0,0.0
7.0,40.0,318.0,0.0,0.9,0.0,0.0,1.0
8.0,40.0,6873.0,0.0,0.3,0.0,0.0,0.0
9.0,40.0,262.0,0.0,0.0,0.0,0.0,0.0
10.0,40.0,90.0,0.0,0.0,0.0,0.0,1.0
11.0,40.0,131.0,0.0,0.0,0.0,0.0,0.0
12.0,40.0,76.0,0.0,0.0,0.0,0.0,0.0
13.0,40.0,241.0,0.0,0.0,0.0,0.0,0.0
14.0,40.0,131.0,0.0,0.0,0.0,0.0,0.0
15.0,40.0,262.0,0.0,0.0,0.0,0.0,0.0
16.0,40.0,338.0,0.0,0.0,0.0,0.0,0.0
17.0,40.0,509.0,0.0,0.0,0.0,0.0,1.0
18.0,40.0,6693.0,1.3,0.0,0.0,0.0,1.0
19.0,40.0,169.0,0.0,0.0,0.0,0.0,0.0
20.0,40.0,2076.0,0.0,0.0,0.0,0.5,0.0
21.0,40.0,108.0,1.3,0.0,0.0,0.0,0.0
22.0,40.0,31.0,0.0,0.0,0.0,0.0,0.0
23.0,40.0,2509.0,0.6,0.0,0.0,0.0,0.0
24.0,40.0,338.0,0.3,0.3,0.0,0.0,0.0
25.0,40.0,2128.0,3.0,2.2,0.0,0.5,1.0
26.0,40.0,875.0,2.8,1.7,0.0,0.5,2.0
27.0,40.0,636.0,0.0,0.0,0.0,0.0,0.0
28.0,40.0,1422.0,0.0,0.0,0.0,0.0,0.0
29.0,40.0,719.0,0.1,0.0,0.0,0.0,0.0
30.0,40.0,635.0,0.0,0.0,0.0,0.0,0.0
31.0,40.0,303.0,2.7,0.0,0.0,0.5,11.0
32.0,40.0,328.0,5.9,2.3,2.3,2.0,74.0
33.0,40.0,1057.0,3.9,2.2,0.0,0.5,7.0
34.0,40.0,3139.0,15.3,3.9,0.8,3.0,86.0
35.0,40.0,2294.0,4.9,2.7,0.0,0.5,1.0
36.0,40.0,1030.0,0.2,0.6,0.0,0.5,0.0
37.0,40.0,1448.0,0.0,0.0,0.0,0.5,0.0
38.0,40.0,170.0,0.4,0.0,0.0,0.0,0.0
39.0,40.0,57.0,0.9,0.0,0.0,0.0,0.0
40.0,40.0,223.0,0.0,0.0,0.0,0.0,0.0
41.0,40.0,437.0,0.0,0.0,0.0,0.0,0.0
42.0,40.0,7750.0,0.0,1.2,0.0,0.0,2.0
43.0,40.0,1348.0,0.0,0.0,0.0,0.0,1.0
44.0,40.0,635.0,0.0,0.0,0.0,0.0,0.0
45.0,40.0,719.0,0.0,0.0,0.0,0.0,0.0
46.0,40.0,636.0,0.0,0.0,0.0,0.0,0.0
47.0,40.0,145.0,0.0,0.0,0.0,0.0,0.0
48.0,40.0,1328.0,0.0,0.6,0.0,0.0,0.0
49.0,40.0,596.0,0.0,1.0,0.0,0.0,0.0
50.0,40.0,556.0,0.6,0.0,0.0,0.0,0.0
1.0,41.0,31.0,0.0,0.0,0.0,0.0,0.0
2.0,41.0,87.0,0.0,0.0,0.0,0.0,0.0
3.0,41.0,600.0,0.0,0.0,0.0,0.0,0.0
4.0,41.0,131.0,0.0,0.0,0.0,0.0,0.0
5.0,41.0,112.0,0.0,0.0,0.0,0.0,0.0
6.0,41.0,224.0,0.2,0.0,0.0,0.0,0.0
7.0,41.0,440.0,1.4,1.5,0.0,0.5,3.0
8.0,41.0,7802.0,0.8,1.1,0.0,0.0,0.0
9.0,41.0,445.0,0.0,1.1,0.0,0.0,0.0
10.0,41.0,282.0,0.0,1.2,0.0,0.0,0.0
11.0,41.0,101.0,0.0,0.0,0.0,0.0,0.0
12.0,41.0,41.0,0.0,0.0,0.0,0.0,0.0
13.0,41.0,206.0,0.0,0.0,0.0,0.0,0.0
14.0,41.0,94.0,0.0,0.0,0.0,0.0,0.0
15.0,41.0,101.0,0.0,0.0,0.0,0.0,0.0
16.0,41.0,262.0,0.0,0.0,0.0,0.0,0.0
17.0,41.0,262.0,1.1,0.0,0.0,0.0,1.0
18.0,41.0,638.0,1.4,0.0,0.0,0.0,1.0
19.0,41.0,213.0,0.0,0.0,0.0,0.0,0.0
20.0,41.0,94.0,0.0,0.0,0.0,0.0,0.0
21.0,41.0,211.0,1.2,0.0,0.0,0.0,4.0
22.0,41.0,304.0,0.0,0.0,0.0,0.0,0.0
23.0,41.0,1900.0,0.0,0.0,0.0,0.5,3.0
24.0,41.0,1065.0,3.5,3.0,0.0,0.5,9.0
25.0,41.0,3563.0,1.9,0.0,0.0,0.5,6.0
26.0,41.0,715.0,0.4,0.0,0.0,0.0,0.0
27.0,41.0,556.0,1.2,0.0,0.0,0.0,0.0
28.0,41.0,1667.0,1.2,0.0,0.0,0.0,0.0
29.0,41.0,2293.0,2.6,0.0,0.0,1.0,18.0
30.0,41.0,636.0,0.5,0.0,0.0,0.0,0.0
31.0,41.0,357.0,0.0,0.0,0.0,0.0,0.0
32.0,41.0,401.0,4.7,0.0,2.5,0.5,4.0
33.0,41.0,5890.0,36.1,0.0,0.0,1.0,8.0
34.0,41.0,6297.0,38.3,0.0,2.6,1.0,28.0
35.0,41.0,4590.0,25.4,2.6,0.0,1.0,28.0
36.0,41.0,3118.0,8.5,1.8,2.0,1.0,9.0
37.0,41.0,1318.0,1.1,1.7,0.0,0.5,3.0
38.0,41.0,377.0,0.6,0.0,0.0,0.0,0.0
39.0,41.0,105.0,2.0,0.0,0.0,0.5,4.0
40.0,41.0,37.0,0.1,0.0,0.0,0.0,0.0
41.0,41.0,477.0,0.0,0.0,0.0,0.0,1.0
42.0,41.0,872.0,0.0,0.9,0.0,0.0,5.0
43.0,41.0,1587.0,0.0,0.5,0.0,0.0,1.0
44.0,41.0,795.0,0.0,0.0,0.0,0.0,0.0
45.0,41.0,1078.0,0.0,1.1,0.0,0.0,2.0
46.0,41.0,1078.0,0.0,1.0,0.0,0.0,2.0
47.0,41.0,875.0,0.6,1.0,0.0,0.5,0.0
48.0,41.0,6490.0,0.1,0.9,0.0,0.0,1.0
49.0,41.0,317.0,0.0,0.0,0.0,0.0,0.0
50.0,41.0,65.0,0.0,0.0,0.0,0.0,0.0
1.0,42.0,112.0,0.0,0.0,0.0,0.0,0.0
2.0,42.0,392.0,0.0,0.0,0.0,0.0,0.0
3.0,42.0,600.0,0.0,0.0,0.0,0.0,0.0
4.0,42.0,131.0,0.0,0.0,0.0,0.0,0.0
5.0,42.0,41.0,0.0,0.0,0.0,0.0,0.0
6.0,42.0,299.0,0.0,0.0,0.0,0.0,0.0
7.0,42.0,509.0,0.0,1.1,0.0,0.0,1.0
8.0,42.0,454.0,0.0,0.0,0.0,0.0,0.0
9.0,42.0,95.0,0.0,0.0,0.0,0.0,0.0
10.0,42.0,299.0,0.0,0.0,0.0,0.0,0.0
11.0,42.0,254.0,0.0,1.5,0.0,0.0,1.0
12.0,42.0,112.0,0.0,0.6,0.0,0.0,0.0
13.0,42.0,202.0,0.0,0.0,0.0,0.0,0.0
14.0,42.0,41.0,0.0,0.0,0.0,0.0,0.0
15.0,42.0,101.0,0.0,0.0,0.0,0.0,0.0
16.0,42.0,926.0,0.6,0.0,0.0,0.0,0.0
17.0,42.0,224.0,0.9,0.0,0.0,0.0,0.0
18.0,42.0,1030.0,1.1,0.0,0.0,0.0,0.0
19.0,42.0,255.0,0.0,0.0,0.0,0.0,0.0
20.0,42.0,1082.0,0.0,0.0,0.0,0.0,0.0
21.0,42.0,907.0,1.1,0.0,0.0,0.0,0.0
22.0,42.0,438.0,2.0,1.7,0.0,0.5,1.0
23.0,42.0,5064.0,2.6,2.4,0.0,0.5,2.0
24.0,42.0,450.0,0.1,0.1,0.0,0.0,0.0
25.0,42.0,715.0,0.7,0.0,0.0,0.0,0.0
26.0,42.0,477.0,0.5,0.0,0.0,0.0,0.0
27.0,42.0,317.0,0.0,0.0,0.0,0.0,0.0
28.0,42.0,1660.0,0.0,0.0,0.0,0.0,1.0
29.0,42.0,8432.0,2.1,0.0,0.0,0.5,2.0
30.0,42.0,549.0,0.9,0.0,0.0,0.0,0.0
31.0,42.0,450.0,0.0,0.0,0.0,0.0,3.0
32.0,42.0,596.0,0.5,0.0,0.4,0.0,1.0
33.0,42.0,4659.0,30.5,0.0,2.1,1.0,11.0
34.0,42.0,4815.0,24.2,0.0,2.7,1.0,42.0
35.0,42.0,2695.0,12.6,1.6,3.7,2.0,67.0
36.0,42.0,1712.0,13.3,1.6,0.7,1.0,12.0
37.0,42.0,1929.0,5.2,1.5,0.0,0.5,3.0
38.0,42.0,695.0,0.3,1.1,0.0,0.0,1.0
39.0,42.0,489.0,0.0,0.0,0.0,0.5,13.0
40.0,42.0,454.0,1.2,0.0,0.0,0.0,6.0
41.0,42.0,625.0,0.0,0.0,0.0,0.0,0.0
42.0,42.0,874.0,0.0,0.0,0.0,0.0,0.0
43.0,42.0,2177.0,0.0,1.2,0.0,0.0,1.0
44.0,42.0,719.0,0.0,1.4,0.0,0.0,2.0
45.0,42.0,874.0,0.0,0.1,0.0,0.0,0.0
46.0,42.0,795.0,0.0,0.0,0.0,0.0,0.0
47.0,42.0,795.0,0.0,0.0,0.0,0.0,0.0
48.0,42.0,638.0,1.0,0.0,0.0,0.0,0.0
49.0,42.0,42.0,0.0,0.0,0.0,0.0,1.0
50.0,42.0,35.0,0.0,0.0,0.0,0.0,0.0
1.0,43.0,201.0,0.0,0.0,0.0,0.0,0.0
2.0,43.0,467.0,0.0,0.0,0.0,0.0,0.0
3.0,43.0,991.0,0.0,0.0,0.0,0.0,0.0
4.0,43.0,262.0,0.0,0.0,0.0,0.0,0.0
5.0,43.0,369.0,0.0,0.0,0.0,0.0,0.0
6.0,43.0,788.0,0.0,0.5,0.0,0.0,0.0
7.0,43.0,6924.0,0.0,0.8,0.0,0.0,0.0
8.0,43.0,768.0,0.0,0.0,0.0,0.0,0.0
9.0,43.0,2127.0,0.0,0.0,0.0,0.0,0.0
10.0,43.0,232.0,0.0,0.0,0.0,0.0,0.0
11.0,43.0,408.0,0.0,0.0,0.0,0.0,0.0
12.0,43.0,3349.0,0.0,0.5,0.0,0.0,0.0
13.0,43.0,855.0,0.0,1.1,0.0,0.0,0.0
14.0,43.0,367.0,0.0,1.1,0.0,0.0,0.0
15.0,43.0,3391.0,1.0,0.8,0.0,0.0,0.0
16.0,43.0,693.0,0.7,0.0,0.0,0.0,0.0
17.0,43.0,394.0,0.0,0.0,0.0,0.0,0.0
18.0,43.0,8493.0,1.3,0.0,0.0,0.0,0.0
19.0,43.0,4445.0,0.8,0.0,0.0,0.5,0.0
20.0,43.0,5824.0,6.8,0.0,0.0,0.5,8.0
21.0,43.0,6214.0,6.4,1.7,0.0,0.5,17.0
22.0,43.0,10739.0,2.8,1.1,0.0,0.5,5.0
23.0,43.0,10974.0,0.0,0.0,0.0,0.0,0.0
24.0,43.0,444.0,0.0,0.0,0.0,0.0,0.0
25.0,43.0,584.0,0.0,0.0,0.0,0.0,0.0
26.0,43.0,2260.0,1.2,0.0,0.0,0.0,0.0
27.0,43.0,951.0,0.0,0.0,0.0,0.0,0.0
28.0,43.0,2580.0,0.0,0.0,0.0,0.0,0.0
29.0,43.0,1190.0,0.0,0.0,0.0,0.0,0.0
30.0,43.0,1509.0,1.7,0.0,0.0,0.0,0.0
31.0,43.0,1588.0,0.0,0.0,0.1,0.0,2.0
32.0,43.0,1532.0,4.5,0.4,1.5,0.5,14.0
33.0,43.0,9709.0,9.9,0.3,4.2,1.0,28.0
34.0,43.0,4900.0,22.6,0.0,1.6,1.0,12.0
35.0,43.0,4403.0,10.4,0.0,2.7,1.0,49.0
36.0,43.0,4343.0,11.5,3.9,0.6,1.0,25.0
37.0,43.0,3904.0,10.5,0.0,2.4,1.0,35.0
38.0,43.0,9313.0,9.2,2.4,0.0,0.5,7.0
39.0,43.0,1756.0,1.0,0.0,0.0,0.0,0.0
40.0,43.0,2472.0,1.1,0.0,0.0,0.5,1.0
41.0,43.0,705.0,1.0,0.0,0.0,0.0,1.0
42.0,43.0,1787.0,4.7,0.0,0.0,0.0,2.0
43.0,43.0,4274.0,1.2,2.0,0.0,1.0,43.0
44.0,43.0,5751.0,2.1,2.3,0.0,2.0,81.0
45.0,43.0,1272.0,0.0,0.0,0.0,0.0,0.0
46.0,43.0,793.0,0.0,0.0,0.0,0.0,0.0
47.0,43.0,795.0,0.0,0.0,0.0,0.0,0.0
48.0,43.0,5310.0,0.0,0.0,0.0,0.5,2.0
49.0,43.0,382.0,0.0,0.0,0.0,0.0,0.0
50.0,43.0,139.0,0.0,0.0,0.0,0.0,0.0
1.0,44.0,90.0,0.0,0.0,0.0,0.0,0.0
2.0,44.0,224.0,0.0,0.0,0.0,0.0,0.0
3.0,44.0,230.0,0.0,0.0,0.0,0.0,0.0
4.0,44.0,112.0,0.0,0.0,0.0,0.0,0.0
5.0,44.0,281.0,0.0,0.0,0.0,0.0,0.0
6.0,44.0,3801.0,0.0,1.2,0.0,0.0,1.0
7.0,44.0,262.0,0.0,0.0,0.0,0.0,0.0
8.0,44.0,213.0,0.0,0.0,0.0,0.0,0.0
9.0,44.0,94.0,0.0,0.0,0.0,0.0,0.0
10.0,44.0,76.0,0.0,0.0,0.0,0.0,0.0
11.0,44.0,37.0,0.0,0.0,0.0,0.0,0.0
12.0,44.0,29.0,0.0,0.0,0.0,0.0,0.0
13.0,44.0,262.0,0.0,0.0,0.0,0.0,0.0
14.0,44.0,90.0,1.4,0.0,0.0,0.0,0.0
15.0,44.0,203.0,0.4,0.4,0.0,0.0,2.0
16.0,44.0,360.0,0.0,1.1,0.0,0.0,0.0
17.0,44.0,524.0,0.0,1.1,0.0,0.0,0.0
18.0,44.0,6288.0,3.1,0.5,0.0,0.5,1.0
19.0,44.0,8027.0,8.0,0.0,0.0,2.0,58.0
20.0,44.0,8410.0,19.3,3.1,0.0,2.0,55.0
21.0,44.0,8602.0,6.2,1.6,0.0,2.0,57.0
22.0,44.0,3779.0,0.0,0.0,0.0,0.5,0.0
23.0,44.0,2693.0,0.0,0.0,0.0,0.0,0.0
24.0,44.0,4986.0,0.0,0.0,0.0,0.0,0.0
25.0,44.0,795.0,0.0,0.0,0.0,0.0,2.0
26.0,44.0,13662.0,1.2,0.0,0.0,0.5,0.0
27.0,44.0,950.0,0.7,0.4,0.0,0.0,0.0
28.0,44.0,1737.0,0.0,1.1,0.0,0.5,0.0
29.0,44.0,540.0,0.0,1.0,0.0,0.0,0.0
30.0,44.0,944.0,0.6,1.1,0.0,0.0,0.0
31.0,44.0,674.0,0.2,1.3,0.0,0.0,1.0
32.0,44.0,666.0,0.6,0.6,1.2,0.5,6.0
33.0,44.0,1806.0,0.7,1.9,0.0,0.5,16.0
34.0,44.0,1684.0,9.7,0.0,2.9,1.0,9.0
35.0,44.0,2366.0,11.8,0.0,2.6,1.0,30.0
36.0,44.0,2689.0,16.2,0.5,4.2,1.0,34.0
37.0,44.0,2919.0,18.9,2.6,0.0,3.0,95.0
38.0,44.0,5139.0,9.4,2.2,0.0,1.0,21.0
39.0,44.0,421.0,2.1,0.0,0.0,0.0,0.0
40.0,44.0,568.0,1.2,0.0,0.0,0.0,0.0
41.0,44.0,399.0,4.2,0.4,0.0,0.0,0.0
42.0,44.0,977.0,3.1,2.5,0.0,0.5,5.0
43.0,44.0,2309.0,1.4,1.2,0.0,0.5,3.0
44.0,44.0,977.0,2.5,2.5,0.0,0.5,7.0
45.0,44.0,715.0,0.0,0.0,0.0,0.0,0.0
46.0,44.0,477.0,0.0,0.0,0.0,0.0,0.0
47.0,44.0,317.0,0.0,0.0,0.0,0.0,0.0
48.0,44.0,635.0,0.0,0.0,0.0,0.0,0.0
49.0,44.0,317.0,0.0,0.0,0.0,0.0,0.0
50.0,44.0,127.0,0.0,0.0,0.0,0.0,0.0
1.0,45.0,148.0,0.0,0.0,0.0,0.0,0.0
2.0,45.0,112.0,0.0,0.0,0.0,0.0,0.0
3.0,45.0,376.0,0.0,0.0,0.0,0.0,0.0
4.0,45.0,90.0,0.0,0.0,0.0,0.0,0.0
5.0,45.0,224.0,0.0,0.0,0.0,0.0,0.0
6.0,45.0,232.0,0.0,1.1,0.0,0.0,1.0
7.0,45.0,90.0,0.0,0.0,0.0,0.0,0.0
8.0,45.0,77.0,0.0,0.0,0.0,0.0,0.0
9.0,45.0,12.0,0.0,0.0,0.0,0.0,0.0
10.0,45.0,51.0,0.0,0.0,0.0,0.0,0.0
11.0,45.0,24.0,0.0,0.0,0.0,0.0,0.0
12.0,45.0,69.0,1.1,0.0,0.0,0.0,0.0
13.0,45.0,128.0,1.2,0.0,0.0,0.0,0.0
14.0,45.0,22.0,0.0,0.0,0.0,0.0,9.0
15.0,45.0,101.0,0.0,0.0,0.0,0.0,0.0
16.0,45.0,262.0,0.0,0.0,0.0,0.0,0.0
17.0,45.0,309.0,0.0,0.0,0.0,0.0,0.0
18.0,45.0,3078.0,1.9,0.6,0.0,0.5,0.0
19.0,45.0,6031.0,10.2,3.7,0.0,1.0,27.0
20.0,45.0,8601.0,13.2,0.0,1.1,3.0,92.0
21.0,45.0,8951.0,10.8,0.0,0.0,5.0,165.0
22.0,45.0,5439.0,1.9,0.0,0.0,0.5,3.0
23.0,45.0,1816.0,0.2,0.0,0.0,0.0,0.0
24.0,45.0,953.0,0.0,0.0,0.0,0.0,0.0
25.0,45.0,953.0,0.0,0.1,0.0,0.0,1.0
26.0,45.0,1071.0,0.3,1.1,0.0,0.0,2.0
27.0,45.0,795.0,0.0,0.9,0.0,0.0,0.0
28.0,45.0,1528.0,0.0,0.0,0.0,0.0,0.0
29.0,45.0,398.0,0.0,0.0,0.0,0.0,0.0
30.0,45.0,114.0,0.0,0.0,0.0,0.0,0.0
31.0,45.0,793.0,0.0,0.0,0.0,0.0,0.0
32.0,45.0,808.0,0.0,0.0,1.1,0.0,0.0
33.0,45.0,2165.0,4.9,0.6,0.0,0.5,8.0
34.0,45.0,2724.0,6.2,2.0,2.7,1.0,15.0
35.0,45.0,2859.0,25.5,0.0,1.7,2.0,64.0
36.0,45.0,2938.0,18.1,0.0,1.8,1.0,40.0
37.0,45.0,2398.0,13.8,3.7,0.8,1.0,17.0
38.0,45.0,2046.0,5.3,2.8,0.0,0.5,7.0
39.0,45.0,170.0,0.4,2.2,0.0,0.5,2.0
40.0,45.0,821.0,8.7,2.2,0.0,1.0,18.0
41.0,45.0,1012.0,3.4,2.1,0.0,0.5,1.0
42.0,45.0,1311.0,0.9,0.0,0.0,0.0,0.0
43.0,45.0,7522.0,1.9,0.0,0.0,0.0,1.0
44.0,45.0,1065.0,2.6,1.1,0.0,0.5,3.0
45.0,45.0,892.0,0.0,1.3,0.0,0.0,1.0
46.0,45.0,556.0,0.0,0.0,0.0,0.0,0.0
47.0,45.0,82.0,0.0,0.0,0.0,0.0,0.0
48.0,45.0,312.0,0.0,0.0,0.0,0.0,0.0
49.0,45.0,65.0,0.0,0.0,0.0,0.0,0.0
50.0,45.0,46.0,0.0,0.0,0.0,0.0,0.0
1.0,46.0,254.0,0.0,1.0,0.0,0.0,1.0
2.0,46.0,206.0,0.0,0.0,0.0,0.0,0.0
3.0,46.0,619.0,0.0,0.0,0.0,0.0,0.0
4.0,46.0,222.0,0.0,0.0,0.0,0.0,1.0
5.0,46.0,257.0,0.0,1.2,0.0,0.5,0.0
6.0,46.0,178.0,0.0,0.0,0.0,0.0,0.0
7.0,46.0,112.0,0.0,0.0,0.0,0.0,0.0
8.0,46.0,134.0,0.1,0.0,0.0,0.0,0.0
9.0,46.0,62.0,0.3,0.0,0.0,0.0,1.0
10.0,46.0,67.0,1.1,0.0,0.0,0.0,0.0
11.0,46.0,158.0,1.1,0.0,0.0,0.0,0.0
12.0,46.0,33.0,0.0,0.0,0.0,0.0,0.0
13.0,46.0,164.0,0.0,0.0,0.0,0.0,0.0
14.0,46.0,67.0,0.0,0.0,0.0,0.0,0.0
15.0,46.0,112.0,0.0,0.0,0.0,0.0,0.0
16.0,46.0,262.0,0.0,0.0,0.0,0.0,0.0
17.0,46.0,278.0,1.4,0.0,0.0,0.0,0.0
18.0,46.0,6140.0,3.0,1.4,0.0,0.5,6.0
19.0,46.0,6298.0,4.3,2.5,0.0,1.0,43.0
20.0,46.0,5248.0,2.8,1.0,0.0,1.0,25.0
21.0,46.0,4253.0,2.5,1.5,0.0,0.5,11.0
22.0,46.0,2147.0,2.7,0.0,0.0,0.0,2.0
23.0,46.0,1724.0,1.5,0.4,0.0,0.0,0.0
24.0,46.0,1076.0,0.0,1.1,0.0,0.0,0.0
25.0,46.0,1065.0,1.2,1.0,0.0,0.5,0.0
26.0,46.0,715.0,0.0,0.0,0.0,0.0,0.0
27.0,46.0,556.0,0.0,0.0,0.1,0.0,0.0
28.0,46.0,978.0,1.1,0.0,0.0,0.5,0.0
29.0,46.0,278.0,1.0,0.0,0.0,0.0,0.0
30.0,46.0,278.0,1.0,0.0,0.0,0.0,0.0
31.0,46.0,1034.0,2.8,0.0,0.8,0.5,1.0
32.0,46.0,1583.0,0.3,0.0,1.4,0.5,5.0
33.0,46.0,948.0,0.4,0.0,1.1,0.5,0.0
34.0,46.0,2151.0,9.5,2.1,0.7,1.0,28.0
35.0,46.0,2804.0,24.6,2.3,1.7,1.0,35.0
36.0,46.0,2438.0,11.1,2.4,0.0,1.0,14.0
37.0,46.0,2454.0,1.9,0.2,2.3,0.5,0.0
38.0,46.0,2714.0,7.4,0.0,0.0,0.5,11.0
39.0,46.0,1430.0,0.1,0.0,0.0,0.0,1.0
40.0,46.0,1668.0,4.5,0.0,0.0,0.0,3.0
41.0,46.0,1430.0,1.5,0.0,0.0,0.0,1.0
42.0,46.0,1311.0,1.5,0.0,0.0,0.0,0.0
43.0,46.0,1987.0,0.0,0.0,0.0,0.0,0.0
44.0,46.0,874.0,1.1,0.0,0.0,0.0,0.0
45.0,46.0,1065.0,0.0,2.4,0.0,0.5,3.0
46.0,46.0,636.0,0.0,0.0,0.0,0.0,0.0
47.0,46.0,357.0,0.0,0.0,0.0,0.0,0.0
48.0,46.0,356.0,0.0,0.0,0.0,0.0,0.0
49.0,46.0,159.0,0.0,0.0,0.0,0.0,0.0
50.0,46.0,104.0,0.0,0.0,0.0,0.0,0.0
1.0,47.0,299.0,0.0,0.7,0.0,0.0,0.0
2.0,47.0,338.0,0.0,0.7,0.0,0.0,1.0
3.0,47.0,768.0,0.0,0.0,0.0,0.0,0.0
4.0,47.0,299.0,0.0,0.0,0.0,0.0,0.0
5.0,47.0,445.0,0.0,1.1,0.0,0.0,0.0
6.0,47.0,281.0,0.0,0.0,0.0,0.0,0.0
7.0,47.0,101.0,0.0,0.0,0.0,0.0,0.0
8.0,47.0,223.0,0.2,0.0,0.0,0.0,0.0
9.0,47.0,106.0,0.8,0.0,0.0,0.0,0.0
10.0,47.0,66.0,0.0,0.0,0.0,0.0,0.0
11.0,47.0,150.0,0.0,0.0,0.0,0.0,0.0
12.0,47.0,94.0,0.0,0.0,0.0,0.0,0.0
13.0,47.0,202.0,0.0,0.0,0.0,0.0,0.0
14.0,47.0,224.0,0.0,0.0,0.0,0.0,0.0
15.0,47.0,79.0,0.0,0.0,0.0,0.0,1.0
16.0,47.0,275.0,1.3,1.3,0.0,0.5,2.0
17.0,47.0,503.0,2.9,2.7,0.0,0.5,3.0
18.0,47.0,907.0,2.0,2.2,0.0,0.5,2.0
19.0,47.0,827.0,1.1,1.0,0.0,0.5,3.0
20.0,47.0,427.0,1.2,1.0,0.0,0.5,3.0
21.0,47.0,710.0,0.0,1.1,0.0,0.0,0.0
22.0,47.0,775.0,0.1,2.5,0.0,0.5,1.0
23.0,47.0,982.0,0.6,0.8,0.0,0.0,0.0
24.0,47.0,338.0,0.0,0.0,0.0,0.0,0.0
25.0,47.0,795.0,0.8,0.0,0.0,0.0,0.0
26.0,47.0,555.0,1.8,0.0,0.0,0.0,0.0
27.0,47.0,4203.0,0.8,0.0,0.0,0.5,2.0
28.0,47.0,632.0,0.0,0.0,0.0,0.0,0.0
29.0,47.0,317.0,0.0,0.0,0.0,0.0,0.0
30.0,47.0,317.0,0.0,0.0,0.0,0.0,0.0
31.0,47.0,1043.0,2.3,0.0,0.0,0.5,2.0
32.0,47.0,4251.0,1.3,0.0,0.0,0.5,1.0
33.0,47.0,994.0,0.0,0.0,0.0,0.0,0.0
34.0,47.0,1282.0,0.0,0.0,0.0,0.0,0.0
35.0,47.0,888.0,0.0,2.5,0.0,0.5,12.0
36.0,47.0,636.0,0.0,0.0,0.0,0.0,1.0
37.0,47.0,1459.0,1.5,0.0,3.4,2.0,54.0
38.0,47.0,6812.0,11.0,0.0,0.0,2.0,58.0
39.0,47.0,1062.0,0.9,0.0,0.0,0.5,0.0
40.0,47.0,1594.0,3.0,0.0,0.0,0.5,3.0
41.0,47.0,1072.0,1.1,0.0,0.0,0.0,0.0
42.0,47.0,953.0,0.4,0.0,0.0,0.0,0.0
43.0,47.0,1390.0,1.7,0.0,0.0,0.0,0.0
44.0,47.0,711.0,1.7,0.0,0.0,0.0,0.0
45.0,47.0,1065.0,1.1,1.2,0.0,0.5,0.0
46.0,47.0,978.0,0.0,1.6,0.0,0.0,2.0
47.0,47.0,477.0,0.0,0.0,0.0,0.0,0.0
48.0,47.0,357.0,0.0,0.0,0.0,0.0,0.0
49.0,47.0,159.0,0.0,0.0,0.0,0.0,0.0
50.0,47.0,104.0,0.0,0.3,0.0,0.0,0.0
1.0,48.0,600.0,0.0,0.0,0.0,0.0,0.0
2.0,48.0,671.0,0.0,1.0,0.0,0.5,2.0
3.0,48.0,11753.0,0.0,0.3,0.0,0.0,1.0
4.0,48.0,2437.0,0.0,0.0,0.0,0.0,0.0
5.0,48.0,1823.0,0.0,1.2,0.0,0.5,1.0
6.0,48.0,676.0,0.0,0.0,0.0,0.0,0.0
7.0,48.0,783.0,0.0,0.0,0.0,0.0,0.0
8.0,48.0,3322.0,0.0,0.0,0.0,0.0,1.0
9.0,48.0,1749.0,0.0,0.0,0.0,0.0,1.0
10.0,48.0,674.0,0.0,0.0,0.0,0.0,0.0
11.0,48.0,644.0,0.0,0.0,0.0,0.5,2.0
12.0,48.0,681.0,0.0,0.0,0.0,0.0,1.0
13.0,48.0,1578.0,0.0,0.5,0.0,0.0,1.0
14.0,48.0,3059.0,0.0,1.0,0.0,0.5,1.0
15.0,48.0,6281.0,4.1,3.3,0.7,0.5,12.0
16.0,48.0,4146.0,3.0,1.4,0.0,0.5,1.0
17.0,48.0,1173.0,1.1,0.0,0.0,0.0,0.0
18.0,48.0,1048.0,1.5,0.0,0.0,0.0,0.0
19.0,48.0,560.0,0.7,0.0,0.0,0.0,0.0
20.0,48.0,619.0,0.4,0.0,0.0,0.0,0.0
21.0,48.0,768.0,0.0,0.0,0.0,0.0,0.0
22.0,48.0,937.0,0.0,0.3,0.0,0.0,0.0
23.0,48.0,9109.0,0.0,1.2,0.0,0.0,0.0
24.0,48.0,503.0,0.6,0.0,0.0,0.0,0.0
25.0,48.0,374.0,1.3,0.0,0.0,0.0,0.0
26.0,48.0,755.0,0.0,0.0,0.0,0.0,0.0
27.0,48.0,487.0,0.0,0.0,0.0,0.0,0.0
28.0,48.0,1150.0,0.0,0.0,0.0,0.0,0.0
29.0,48.0,312.0,0.0,0.0,0.0,0.0,0.0
30.0,48.0,635.0,0.0,0.0,0.0,0.0,0.0
31.0,48.0,635.0,1.3,0.0,0.0,0.0,7.0
32.0,48.0,188.0,0.0,0.0,0.0,0.0,0.0
33.0,48.0,1824.0,0.0,0.0,0.0,0.0,0.0
34.0,48.0,1986.0,0.0,0.0,0.0,0.0,0.0
35.0,48.0,1533.0,0.0,2.3,0.0,0.5,4.0
36.0,48.0,1930.0,0.0,0.0,0.0,0.0,0.0
37.0,48.0,1589.0,0.7,0.0,0.5,0.0,0.0
38.0,48.0,3904.0,1.7,0.0,1.4,0.5,8.0
39.0,48.0,236.0,1.5,0.0,0.0,0.5,0.0
40.0,48.0,172.0,0.0,0.0,0.0,0.0,0.0
41.0,48.0,1311.0,1.4,0.0,0.0,0.0,0.0
42.0,48.0,592.0,1.4,0.0,0.0,0.0,0.0
43.0,48.0,8003.0,2.3,0.0,0.0,0.5,0.0
44.0,48.0,795.0,1.1,0.0,0.0,0.0,0.0
45.0,48.0,447.0,0.5,0.0,0.0,0.0,0.0
46.0,48.0,1687.0,0.0,2.4,0.0,0.5,0.0
47.0,48.0,1232.0,0.0,0.0,0.0,0.0,0.0
48.0,48.0,1031.0,0.0,0.0,0.0,0.0,0.0
49.0,48.0,4624.0,0.0,0.0,0.0,0.0,0.0
50.0,48.0,550.0,0.0,1.4,0.0,0.0,0.0
1.0,49.0,295.0,0.0,0.0,0.0,0.0,0.0
2.0,49.0,326.0,0.0,0.0,0.8,0.0,1.0
3.0,49.0,7147.0,0.8,1.2,0.0,1.0,46.0
4.0,49.0,6754.0,0.4,1.8,0.0,1.0,21.0
5.0,49.0,3564.0,0.2,0.2,1.5,0.5,6.0
6.0,49.0,1147.0,0.0,0.3,2.0,0.5,9.0
7.0,49.0,4062.0,2.3,1.1,0.0,0.5,4.0
8.0,49.0,4499.0,0.0,1.1,0.0,0.5,7.0
9.0,49.0,2572.0,0.1,1.1,0.0,0.5,3.0
10.0,49.0,402.0,0.4,1.0,0.0,0.5,0.0
11.0,49.0,101.0,0.0,1.0,0.0,0.5,2.0
12.0,49.0,240.0,0.0,1.0,0.0,0.5,0.0
13.0,49.0,480.0,1.5,0.6,0.0,0.5,0.0
14.0,49.0,4236.0,6.0,0.7,0.0,0.5,2.0
15.0,49.0,7894.0,9.9,1.8,0.3,2.0,52.0
16.0,49.0,2527.0,2.3,0.0,0.0,0.5,3.0
17.0,49.0,292.0,0.0,0.0,0.0,0.0,0.0
18.0,49.0,190.0,0.7,0.0,0.0,0.0,0.0
19.0,49.0,1121.0,1.9,0.0,0.0,0.0,3.0
20.0,49.0,150.0,0.0,0.0,0.0,0.0,0.0
21.0,49.0,150.0,0.0,0.0,0.0,0.0,0.0
22.0,49.0,112.0,0.0,0.0,0.0,0.0,0.0
23.0,49.0,680.0,0.1,0.4,0.0,0.5,4.0
24.0,49.0,503.0,0.5,0.9,0.0,0.5,0.0
25.0,49.0,450.0,0.0,0.0,0.0,0.0,0.0
26.0,49.0,176.0,0.0,0.0,0.0,0.0,0.0
27.0,49.0,719.0,0.0,0.0,0.0,0.0,0.0
28.0,49.0,834.0,0.0,0.0,0.0,0.0,0.0
29.0,49.0,278.0,1.0,0.0,0.0,0.0,0.0
30.0,49.0,278.0,1.7,0.0,0.0,0.0,0.0
31.0,49.0,278.0,0.3,0.0,0.0,0.0,1.0
32.0,49.0,114.0,0.0,0.0,0.0,0.0,0.0
33.0,49.0,1138.0,0.0,0.0,0.0,0.0,0.0
34.0,49.0,4017.0,1.8,0.9,0.0,0.0,4.0
35.0,49.0,1454.0,0.0,2.9,0.0,0.5,17.0
36.0,49.0,1070.0,0.0,0.0,0.0,0.0,0.0
37.0,49.0,184.0,1.3,0.0,0.0,0.0,0.0
38.0,49.0,592.0,0.3,0.0,0.5,0.0,0.0
39.0,49.0,474.0,1.6,0.0,0.0,0.5,1.0
40.0,49.0,389.0,0.6,0.0,0.0,0.0,0.0
41.0,49.0,82.0,0.6,0.0,0.0,0.0,0.0
42.0,49.0,82.0,0.8,0.0,0.0,0.0,0.0
43.0,49.0,516.0,0.6,0.0,0.0,0.0,0.0
44.0,49.0,111.0,0.6,0.0,0.0,0.0,0.0
45.0,49.0,278.0,1.3,0.0,0.0,0.0,0.0
46.0,49.0,517.0,1.5,0.2,0.0,0.0,2.0
47.0,49.0,799.0,0.2,2.2,0.0,0.5,0.0
48.0,49.0,608.0,0.0,0.0,0.0,0.0,0.0
49.0,49.0,359.0,0.0,1.2,0.0,0.0,0.0
50.0,49.0,317.0,0.0,0.3,0.0,0.0,0.0
1.0,50.0,1155.0,0.0,1.1,0.0,0.0,0.0
2.0,50.0,2342.0,0.0,0.6,0.4,0.5,2.0
3.0,50.0,12232.0,1.7,1.2,1.2,4.0,127.0
4.0,50.0,8601.0,4.4,2.3,1.6,3.0,101.0
5.0,50.0,8105.0,0.5,1.2,1.4,1.0,41.0
6.0,50.0,2551.0,1.1,0.9,0.1,0.5,8.0
7.0,50.0,2554.0,2.5,0.0,0.0,0.5,0.0
8.0,50.0,1374.0,0.0,0.0,0.0,0.5,1.0
9.0,50.0,299.0,0.0,0.0,0.0,0.0,1.0
10.0,50.0,224.0,0.0,0.0,0.0,0.0,0.0
11.0,50.0,2248.0,0.0,0.0,0.0,0.0,2.0
12.0,50.0,224.0,0.0,0.0,0.0,0.0,1.0
13.0,50.0,561.0,0.0,0.0,0.0,0.0,0.0
14.0,50.0,507.0,2.5,2.3,0.0,0.5,1.0
15.0,50.0,2075.0,5.6,0.0,0.0,0.5,1.0
16.0,50.0,408.0,0.3,0.0,0.0,0.0,1.0
17.0,50.0,112.0,0.0,0.0,0.0,0.0,0.0
18.0,50.0,269.0,0.0,0.0,0.0,0.0,0.0
19.0,50.0,168.0,1.4,0.0,0.0,0.0,0.0
20.0,50.0,31.0,0.0,0.0,0.0,0.0,0.0
21.0,50.0,150.0,0.0,0.0,0.0,0.0,0.0
22.0,50.0,90.0,0.0,0.0,0.0,0.0,0.0
23.0,50.0,411.0,0.0,0.0,0.0,0.0,0.0
24.0,50.0,449.0,0.0,1.0,0.0,0.0,0.0
25.0,50.0,509.0,0.0,0.4,0.0,0.0,0.0
26.0,50.0,1078.0,0.0,0.0,0.0,0.0,0.0
27.0,50.0,989.0,1.5,0.0,1.6,0.0,1.0
28.0,50.0,2826.0,1.8,0.0,0.0,0.5,4.0
29.0,50.0,556.0,0.2,0.0,0.0,0.0,0.0
30.0,50.0,477.0,0.1,0.0,0.0,0.0,0.0
31.0,50.0,317.0,1.1,0.0,0.0,0.0,0.0
32.0,50.0,114.0,0.0,0.2,0.0,0.0,0.0
33.0,50.0,1887.0,0.0,1.1,0.0,0.0,0.0
34.0,50.0,17305.0,5.5,0.7,0.0,0.5,6.0
35.0,50.0,730.0,1.3,1.2,0.0,0.5,12.0
36.0,50.0,636.0,0.0,0.0,0.0,0.0,0.0
37.0,50.0,107.0,0.3,0.0,0.0,0.0,0.0
38.0,50.0,592.0,0.0,0.0,0.0,0.0,0.0
39.0,50.0,495.0,0.0,0.0,0.0,0.0,0.0
40.0,50.0,75.0,0.0,0.0,0.0,0.0,0.0
41.0,50.0,57.0,0.0,0.0,0.0,0.0,0.0
42.0,50.0,159.0,1.2,0.0,0.0,0.0,0.0
43.0,50.0,317.0,0.0,0.0,0.0,0.0,0.0
44.0,50.0,158.0,2.3,0.0,0.0,0.5,0.0
45.0,50.0,198.0,1.1,0.0,0.0,0.0,0.0
46.0,50.0,396.0,1.2,0.0,0.0,0.0,0.0
47.0,50.0,932.0,0.3,2.4,0.0,0.5,1.0
48.0,50.0,1617.0,0.3,1.1,0.0,0.0,0.0
49.0,50.0,82.0,0.0,0.3,0.0,0.0,0.0
50.0,50.0,317.0,0.0,0.0,0.0,0.0,0.0
